-- phpMyAdmin SQL Dump
-- version 4.5.1
-- http://www.phpmyadmin.net
--
-- Host: 127.0.0.1
-- Generation Time: Nov 30, 2016 at 12:56 PM
-- Server version: 10.1.16-MariaDB
-- PHP Version: 5.6.24

SET SQL_MODE = "NO_AUTO_VALUE_ON_ZERO";
SET time_zone = "+00:00";


/*!40101 SET @OLD_CHARACTER_SET_CLIENT=@@CHARACTER_SET_CLIENT */;
/*!40101 SET @OLD_CHARACTER_SET_RESULTS=@@CHARACTER_SET_RESULTS */;
/*!40101 SET @OLD_COLLATION_CONNECTION=@@COLLATION_CONNECTION */;
/*!40101 SET NAMES utf8mb4 */;

--
-- Database: `datamobilink`
--

-- --------------------------------------------------------

--
-- Table structure for table `contactus`
--

CREATE TABLE `contactus` (
  `ContactusID` int(11) NOT NULL,
  `SubjectID` int(11) NOT NULL,
  `FName` varchar(45) DEFAULT NULL,
  `LName` varchar(45) DEFAULT NULL,
  `Email` varchar(45) DEFAULT NULL,
  `Massage` varchar(1000) DEFAULT NULL
) ENGINE=InnoDB DEFAULT CHARSET=utf8;

-- --------------------------------------------------------

--
-- Table structure for table `line`
--

CREATE TABLE `line` (
  `lineID` varchar(20) NOT NULL,
  `lineName` varchar(45) NOT NULL
) ENGINE=InnoDB DEFAULT CHARSET=utf8;

--
-- Dumping data for table `line`
--

INSERT INTO `line` (`lineID`, `lineName`) VALUES
('BL', 'Blue Line (MRT)'),
('GL', 'Green Line (BTS)'),
('PL', 'Purple Line (BEM)'),
('RL', 'Red Line (Airport Rail link)');

-- --------------------------------------------------------

--
-- Table structure for table `member`
--

CREATE TABLE `member` (
  `MemberID` int(11) NOT NULL,
  `MemberCardID` int(11) NOT NULL,
  `TitleID` int(11) DEFAULT NULL,
  `Fname` varchar(45) DEFAULT NULL,
  `LName` varchar(45) DEFAULT NULL,
  `Username` varchar(45) NOT NULL,
  `Password` varchar(45) NOT NULL,
  `Birthday` date DEFAULT NULL,
  `TelNumber` varchar(45) DEFAULT NULL,
  `Email` varchar(200) DEFAULT NULL
) ENGINE=InnoDB DEFAULT CHARSET=utf8;

--
-- Dumping data for table `member`
--

INSERT INTO `member` (`MemberID`, `MemberCardID`, `TitleID`, `Fname`, `LName`, `Username`, `Password`, `Birthday`, `TelNumber`, `Email`) VALUES
(1, 1111, 1, 'aaaa', 'aaaa', 'aaaa', '74b87337454200d4d33f80c4663dc5e5', '2016-11-01', '0000', 'aaaa@hotmail.com');

-- --------------------------------------------------------

--
-- Table structure for table `membercard`
--

CREATE TABLE `membercard` (
  `MembercardID` int(11) NOT NULL,
  `CurrentMoney` int(11) DEFAULT NULL,
  `MemberID` int(11) DEFAULT NULL
) ENGINE=InnoDB DEFAULT CHARSET=utf8;

--
-- Dumping data for table `membercard`
--

INSERT INTO `membercard` (`MembercardID`, `CurrentMoney`, `MemberID`) VALUES
(1111, 600, 1);

-- --------------------------------------------------------

--
-- Table structure for table `price`
--

CREATE TABLE `price` (
  `PriceID` int(11) NOT NULL,
  `OStationID` varchar(20) NOT NULL,
  `DStationID` varchar(20) NOT NULL,
  `Price` int(11) NOT NULL,
  `Distance` int(11) NOT NULL
) ENGINE=InnoDB DEFAULT CHARSET=utf8;

--
-- Dumping data for table `price`
--

INSERT INTO `price` (`PriceID`, `OStationID`, `DStationID`, `Price`, `Distance`) VALUES
(1, 'DGL1', 'DGL1', 14, 0),
(2, 'DGL1', 'DGL2', 15, 1),
(3, 'DGL1', 'DGL3', 25, 2),
(4, 'DGL1', 'DGL4', 18, 3),
(5, 'DGL1', 'DGL5', 31, 4),
(6, 'DGL1', 'DGL6', 34, 5),
(7, 'DGL1', 'DGL7', 37, 6),
(8, 'DGL1', 'GLT', 42, 7),
(9, 'DGL1', 'DGL9', 42, 8),
(10, 'DGL1', 'DGL10', 42, 9),
(11, 'DGL1', 'DGL11', 42, 10),
(12, 'DGL1', 'DGL12', 42, 11),
(13, 'DGL1', 'DGL13', 42, 12),
(14, 'DGL1', 'DGL14', 42, 13),
(15, 'DGL1', 'DGL15', 42, 14),
(16, 'DGL1', 'DGL16', 42, 15),
(17, 'DGL1', 'DGL17', 42, 16),
(18, 'DGL1', 'DGL18', 42, 17),
(19, 'DGL1', 'DGL19', 42, 18),
(20, 'DGL1', 'DGL20', 42, 19),
(21, 'DGL1', 'DGL21', 42, 20),
(22, 'DGL1', 'DGL22', 42, 21),
(23, 'DGL1', 'LGL1', 42, 8),
(24, 'DGL1', 'LGL3', 42, 8),
(25, 'DGL1', 'LGL4', 42, 9),
(26, 'DGL1', 'LGL5', 42, 10),
(27, 'DGL1', 'LGL6', 42, 11),
(28, 'DGL1', 'LGL7', 42, 12),
(29, 'DGL1', 'LGL8', 42, 13),
(30, 'DGL1', 'LGL9', 42, 14),
(31, 'DGL1', 'LGL10', 52, 15),
(32, 'DGL1', 'LGL11', 52, 16),
(33, 'DGL1', 'LGL12', 52, 17),
(34, 'DGL1', 'LGL13', 52, 18),
(35, 'DGL2', 'DGL1', 15, 1),
(36, 'DGL2', 'DGL2', 14, 0),
(37, 'DGL2', 'DGL3', 22, 1),
(38, 'DGL2', 'DGL4', 25, 2),
(39, 'DGL2', 'DGL5', 28, 3),
(40, 'DGL2', 'DGL6', 31, 4),
(41, 'DGL2', 'DGL7', 34, 5),
(42, 'DGL2', 'GLT', 37, 6),
(43, 'DGL2', 'DGL9', 42, 7),
(44, 'DGL2', 'DGL10', 42, 8),
(45, 'DGL2', 'DGL11', 42, 9),
(46, 'DGL2', 'DGL12', 42, 10),
(47, 'DGL2', 'DGL13', 42, 11),
(48, 'DGL2', 'DGL14', 42, 12),
(49, 'DGL2', 'DGL15', 42, 13),
(50, 'DGL2', 'DGL16', 42, 14),
(51, 'DGL2', 'DGL17', 42, 15),
(52, 'DGL2', 'DGL18', 52, 16),
(53, 'DGL2', 'DGL19', 52, 17),
(54, 'DGL2', 'DGL20', 52, 18),
(55, 'DGL2', 'DGL21', 52, 19),
(56, 'DGL2', 'DGL22', 52, 20),
(57, 'DGL2', 'LGL1', 42, 7),
(58, 'DGL2', 'LGL3', 42, 7),
(59, 'DGL2', 'LGL4', 42, 8),
(60, 'DGL2', 'LGL5', 42, 9),
(61, 'DGL2', 'LGL6', 42, 10),
(62, 'DGL2', 'LGL7', 42, 11),
(63, 'DGL2', 'LGL8', 42, 12),
(64, 'DGL2', 'LGL9', 42, 13),
(65, 'DGL2', 'LGL10', 52, 14),
(66, 'DGL2', 'LGL11', 52, 15),
(67, 'DGL2', 'LGL12', 52, 16),
(68, 'DGL2', 'LGL13', 52, 17),
(69, 'DGL3', 'DGL1', 25, 2),
(70, 'DGL3', 'DGL2', 22, 1),
(71, 'DGL3', 'DGL3', 14, 0),
(72, 'DGL3', 'DGL4', 15, 1),
(73, 'DGL3', 'DGL5', 22, 2),
(74, 'DGL3', 'DGL6', 25, 3),
(75, 'DGL3', 'DGL7', 28, 4),
(76, 'DGL3', 'GLT', 31, 5),
(77, 'DGL3', 'DGL9', 34, 6),
(78, 'DGL3', 'DGL10', 37, 7),
(79, 'DGL3', 'DGL11', 42, 8),
(80, 'DGL3', 'DGL12', 42, 9),
(81, 'DGL3', 'DGL13', 42, 10),
(82, 'DGL3', 'DGL14', 42, 11),
(83, 'DGL3', 'DGL15', 42, 12),
(84, 'DGL3', 'DGL16', 42, 13),
(85, 'DGL3', 'DGL17', 42, 14),
(86, 'DGL3', 'DGL18', 52, 15),
(87, 'DGL3', 'DGL19', 52, 16),
(88, 'DGL3', 'DGL20', 52, 17),
(89, 'DGL3', 'DGL21', 52, 18),
(90, 'DGL3', 'DGL22', 52, 19),
(91, 'DGL3', 'LGL1', 34, 6),
(92, 'DGL3', 'LGL3', 34, 6),
(93, 'DGL3', 'LGL4', 37, 7),
(94, 'DGL3', 'LGL5', 42, 8),
(95, 'DGL3', 'LGL6', 42, 9),
(96, 'DGL3', 'LGL7', 42, 10),
(97, 'DGL3', 'LGL8', 42, 11),
(98, 'DGL3', 'LGL9', 42, 12),
(99, 'DGL3', 'LGL10', 52, 13),
(100, 'DGL3', 'LGL11', 52, 14),
(101, 'DGL3', 'LGL12', 52, 15),
(102, 'DGL3', 'LGL13', 52, 16),
(103, 'DGL4', 'DGL1', 28, 3),
(104, 'DGL4', 'DGL2', 25, 2),
(105, 'DGL4', 'DGL3', 15, 1),
(106, 'DGL4', 'DGL4', 14, 0),
(107, 'DGL4', 'DGL5', 15, 1),
(108, 'DGL4', 'DGL6', 22, 2),
(109, 'DGL4', 'DGL7', 25, 3),
(110, 'DGL4', 'GLT', 28, 4),
(111, 'DGL4', 'DGL9', 31, 5),
(112, 'DGL4', 'DGL10', 34, 6),
(113, 'DGL4', 'DGL11', 37, 7),
(114, 'DGL4', 'DGL12', 42, 8),
(115, 'DGL4', 'DGL13', 42, 9),
(116, 'DGL4', 'DGL14', 42, 10),
(117, 'DGL4', 'DGL15', 42, 11),
(118, 'DGL4', 'DGL16', 42, 12),
(119, 'DGL4', 'DGL17', 42, 13),
(120, 'DGL4', 'DGL18', 42, 14),
(121, 'DGL4', 'DGL19', 42, 15),
(122, 'DGL4', 'DGL20', 42, 16),
(123, 'DGL4', 'DGL21', 42, 17),
(124, 'DGL4', 'DGL22', 42, 18),
(125, 'DGL4', 'LGL1', 34, 5),
(126, 'DGL4', 'LGL3', 34, 5),
(127, 'DGL4', 'LGL4', 37, 6),
(128, 'DGL4', 'LGL5', 42, 7),
(129, 'DGL4', 'LGL6', 42, 8),
(130, 'DGL4', 'LGL7', 42, 9),
(131, 'DGL4', 'LGL8', 42, 10),
(132, 'DGL4', 'LGL9', 42, 11),
(133, 'DGL4', 'LGL10', 52, 12),
(134, 'DGL4', 'LGL11', 52, 13),
(135, 'DGL4', 'LGL12', 52, 14),
(136, 'DGL4', 'LGL13', 52, 15),
(137, 'DGL5', 'DGL1', 31, 4),
(138, 'DGL5', 'DGL2', 28, 3),
(139, 'DGL5', 'DGL3', 22, 2),
(140, 'DGL5', 'DGL4', 15, 1),
(141, 'DGL5', 'DGL5', 14, 0),
(142, 'DGL5', 'DGL6', 15, 1),
(143, 'DGL5', 'DGL7', 22, 2),
(144, 'DGL5', 'GLT', 25, 3),
(145, 'DGL5', 'DGL9', 28, 4),
(146, 'DGL5', 'DGL10', 31, 5),
(147, 'DGL5', 'DGL11', 34, 6),
(148, 'DGL5', 'DGL12', 37, 7),
(149, 'DGL5', 'DGL13', 42, 8),
(150, 'DGL5', 'DGL14', 42, 9),
(151, 'DGL5', 'DGL15', 42, 10),
(152, 'DGL5', 'DGL16', 42, 11),
(153, 'DGL5', 'DGL17', 42, 12),
(154, 'DGL5', 'DGL18', 52, 13),
(155, 'DGL5', 'DGL19', 52, 14),
(156, 'DGL5', 'DGL20', 52, 15),
(157, 'DGL5', 'DGL21', 52, 16),
(158, 'DGL5', 'DGL22', 52, 17),
(159, 'DGL5', 'LGL1', 28, 4),
(160, 'DGL5', 'LGL3', 28, 4),
(161, 'DGL5', 'LGL4', 31, 5),
(162, 'DGL5', 'LGL5', 34, 6),
(163, 'DGL5', 'LGL6', 42, 7),
(164, 'DGL5', 'LGL7', 42, 8),
(165, 'DGL5', 'LGL8', 42, 9),
(166, 'DGL5', 'LGL9', 42, 10),
(167, 'DGL5', 'LGL10', 52, 11),
(168, 'DGL5', 'LGL11', 52, 12),
(169, 'DGL5', 'LGL12', 52, 13),
(170, 'DGL5', 'LGL13', 52, 14),
(171, 'DGL6', 'DGL1', 34, 5),
(172, 'DGL6', 'DGL2', 31, 4),
(173, 'DGL6', 'DGL3', 25, 3),
(174, 'DGL6', 'DGL4', 22, 2),
(175, 'DGL6', 'DGL5', 15, 1),
(176, 'DGL6', 'DGL6', 14, 0),
(177, 'DGL6', 'DGL7', 15, 1),
(178, 'DGL6', 'GLT', 22, 2),
(179, 'DGL6', 'DGL9', 25, 3),
(180, 'DGL6', 'DGL10', 28, 4),
(181, 'DGL6', 'DGL11', 31, 5),
(182, 'DGL6', 'DGL12', 34, 6),
(183, 'DGL6', 'DGL13', 37, 7),
(184, 'DGL6', 'DGL14', 42, 8),
(185, 'DGL6', 'DGL15', 42, 9),
(186, 'DGL6', 'DGL16', 42, 10),
(187, 'DGL6', 'DGL17', 42, 11),
(188, 'DGL6', 'DGL18', 52, 12),
(189, 'DGL6', 'DGL19', 52, 13),
(190, 'DGL6', 'DGL20', 52, 14),
(191, 'DGL6', 'DGL21', 52, 15),
(192, 'DGL6', 'DGL22', 52, 16),
(193, 'DGL6', 'LGL1', 25, 3),
(194, 'DGL6', 'LGL3', 25, 3),
(195, 'DGL6', 'LGL4', 28, 4),
(196, 'DGL6', 'LGL5', 31, 5),
(197, 'DGL6', 'LGL6', 37, 6),
(198, 'DGL6', 'LGL7', 42, 7),
(199, 'DGL6', 'LGL8', 42, 8),
(200, 'DGL6', 'LGL9', 42, 9),
(201, 'DGL6', 'LGL10', 52, 10),
(202, 'DGL6', 'LGL11', 52, 11),
(203, 'DGL6', 'LGL12', 52, 12),
(204, 'DGL6', 'LGL13', 52, 13),
(205, 'DGL7', 'DGL1', 37, 6),
(206, 'DGL7', 'DGL2', 34, 5),
(207, 'DGL7', 'DGL3', 28, 4),
(208, 'DGL7', 'DGL4', 25, 3),
(209, 'DGL7', 'DGL5', 22, 2),
(210, 'DGL7', 'DGL6', 15, 1),
(211, 'DGL7', 'DGL7', 14, 0),
(212, 'DGL7', 'GLT', 15, 1),
(213, 'DGL7', 'DGL9', 22, 2),
(214, 'DGL7', 'DGL10', 25, 3),
(215, 'DGL7', 'DGL11', 28, 4),
(216, 'DGL7', 'DGL12', 31, 5),
(217, 'DGL7', 'DGL13', 34, 6),
(218, 'DGL7', 'DGL14', 37, 7),
(219, 'DGL7', 'DGL15', 42, 8),
(220, 'DGL7', 'DGL16', 42, 9),
(221, 'DGL7', 'DGL17', 42, 10),
(222, 'DGL7', 'DGL18', 52, 11),
(223, 'DGL7', 'DGL19', 52, 12),
(224, 'DGL7', 'DGL20', 52, 13),
(225, 'DGL7', 'DGL21', 52, 14),
(226, 'DGL7', 'DGL22', 52, 15),
(227, 'DGL7', 'LGL1', 22, 2),
(228, 'DGL7', 'LGL3', 22, 2),
(229, 'DGL7', 'LGL4', 25, 3),
(230, 'DGL7', 'LGL5', 28, 4),
(231, 'DGL7', 'LGL6', 34, 5),
(232, 'DGL7', 'LGL7', 37, 6),
(233, 'DGL7', 'LGL8', 42, 7),
(234, 'DGL7', 'LGL9', 42, 8),
(235, 'DGL7', 'LGL10', 52, 9),
(236, 'DGL7', 'LGL11', 52, 10),
(237, 'DGL7', 'LGL12', 52, 11),
(238, 'DGL7', 'LGL13', 52, 12),
(239, 'GLT', 'DGL1', 42, 7),
(240, 'GLT', 'DGL2', 37, 6),
(241, 'GLT', 'DGL3', 31, 5),
(242, 'GLT', 'DGL4', 28, 4),
(243, 'GLT', 'DGL5', 25, 3),
(244, 'GLT', 'DGL6', 22, 2),
(245, 'GLT', 'DGL7', 15, 1),
(246, 'GLT', 'GLT', 14, 0),
(247, 'GLT', 'DGL9', 15, 1),
(248, 'GLT', 'DGL10', 22, 2),
(249, 'GLT', 'DGL11', 25, 3),
(250, 'GLT', 'DGL12', 28, 4),
(251, 'GLT', 'DGL13', 31, 5),
(252, 'GLT', 'DGL14', 34, 6),
(253, 'GLT', 'DGL15', 37, 7),
(254, 'GLT', 'DGL16', 42, 8),
(255, 'GLT', 'DGL17', 42, 9),
(256, 'GLT', 'DGL18', 52, 10),
(257, 'GLT', 'DGL19', 52, 11),
(258, 'GLT', 'DGL20', 52, 12),
(259, 'GLT', 'DGL21', 52, 13),
(260, 'GLT', 'DGL22', 52, 14),
(261, 'GLT', 'LGL1', 25, 1),
(262, 'GLT', 'LGL3', 15, 1),
(263, 'GLT', 'LGL4', 14, 2),
(264, 'GLT', 'LGL5', 22, 3),
(265, 'GLT', 'LGL6', 25, 4),
(266, 'GLT', 'LGL7', 28, 5),
(267, 'GLT', 'LGL8', 31, 6),
(268, 'GLT', 'LGL9', 34, 7),
(269, 'GLT', 'LGL10', 44, 8),
(270, 'GLT', 'LGL11', 44, 9),
(271, 'GLT', 'LGL12', 44, 10),
(272, 'GLT', 'LGL13', 44, 11),
(273, 'DGL9', 'DGL1', 42, 8),
(274, 'DGL9', 'DGL2', 42, 7),
(275, 'DGL9', 'DGL3', 34, 6),
(276, 'DGL9', 'DGL4', 31, 5),
(277, 'DGL9', 'DGL5', 28, 4),
(278, 'DGL9', 'DGL6', 25, 3),
(279, 'DGL9', 'DGL7', 22, 2),
(280, 'DGL9', 'GLT', 15, 1),
(281, 'DGL9', 'DGL9', 14, 0),
(282, 'DGL9', 'DGL10', 15, 1),
(283, 'DGL9', 'DGL11', 22, 2),
(284, 'DGL9', 'DGL12', 25, 3),
(285, 'DGL9', 'DGL13', 28, 4),
(286, 'DGL9', 'DGL14', 31, 5),
(287, 'DGL9', 'DGL15', 34, 6),
(288, 'DGL9', 'DGL16', 37, 7),
(289, 'DGL9', 'DGL17', 42, 8),
(290, 'DGL9', 'DGL18', 52, 9),
(291, 'DGL9', 'DGL19', 52, 10),
(292, 'DGL9', 'DGL20', 52, 11),
(293, 'DGL9', 'DGL21', 52, 12),
(294, 'DGL9', 'DGL22', 52, 13),
(295, 'DGL9', 'LGL1', 22, 2),
(296, 'DGL9', 'LGL3', 22, 2),
(297, 'DGL9', 'LGL4', 22, 3),
(298, 'DGL9', 'LGL5', 25, 4),
(299, 'DGL9', 'LGL6', 28, 5),
(300, 'DGL9', 'LGL7', 37, 6),
(301, 'DGL9', 'LGL8', 42, 7),
(302, 'DGL9', 'LGL9', 42, 8),
(303, 'DGL9', 'LGL10', 42, 9),
(304, 'DGL9', 'LGL11', 52, 10),
(305, 'DGL9', 'LGL12', 52, 11),
(306, 'DGL9', 'LGL13', 52, 12),
(307, 'DGL10', 'DGL1', 42, 9),
(308, 'DGL10', 'DGL2', 42, 8),
(309, 'DGL10', 'DGL3', 37, 7),
(310, 'DGL10', 'DGL4', 34, 6),
(311, 'DGL10', 'DGL5', 31, 5),
(312, 'DGL10', 'DGL6', 28, 4),
(313, 'DGL10', 'DGL7', 25, 3),
(314, 'DGL10', 'GLT', 22, 2),
(315, 'DGL10', 'DGL9', 15, 1),
(316, 'DGL10', 'DGL10', 14, 0),
(317, 'DGL10', 'DGL11', 15, 1),
(318, 'DGL10', 'DGL12', 22, 2),
(319, 'DGL10', 'DGL13', 25, 3),
(320, 'DGL10', 'DGL14', 28, 4),
(321, 'DGL10', 'DGL15', 31, 5),
(322, 'DGL10', 'DGL16', 34, 6),
(323, 'DGL10', 'DGL17', 37, 7),
(324, 'DGL10', 'DGL18', 47, 8),
(325, 'DGL10', 'DGL19', 47, 9),
(326, 'DGL10', 'DGL20', 47, 10),
(327, 'DGL10', 'DGL21', 47, 11),
(328, 'DGL10', 'DGL22', 47, 12),
(329, 'DGL10', 'LGL1', 25, 13),
(330, 'DGL10', 'LGL3', 25, 3),
(331, 'DGL10', 'LGL4', 28, 3),
(332, 'DGL10', 'LGL5', 31, 4),
(333, 'DGL10', 'LGL6', 37, 5),
(334, 'DGL10', 'LGL7', 42, 6),
(335, 'DGL10', 'LGL8', 42, 7),
(336, 'DGL10', 'LGL9', 42, 8),
(337, 'DGL10', 'LGL10', 52, 9),
(338, 'DGL10', 'LGL11', 52, 10),
(339, 'DGL10', 'LGL12', 52, 11),
(340, 'DGL10', 'LGL13', 52, 12),
(341, 'DGL11', 'DGL1', 42, 10),
(342, 'DGL11', 'DGL2', 42, 9),
(343, 'DGL11', 'DGL3', 42, 8),
(344, 'DGL11', 'DGL4', 37, 7),
(345, 'DGL11', 'DGL5', 34, 6),
(346, 'DGL11', 'DGL6', 31, 5),
(347, 'DGL11', 'DGL7', 28, 4),
(348, 'DGL11', 'GLT', 25, 3),
(349, 'DGL11', 'DGL9', 22, 2),
(350, 'DGL11', 'DGL10', 15, 1),
(351, 'DGL11', 'DGL11', 14, 0),
(352, 'DGL11', 'DGL12', 15, 1),
(353, 'DGL11', 'DGL13', 22, 2),
(354, 'DGL11', 'DGL14', 25, 3),
(355, 'DGL11', 'DGL15', 28, 4),
(356, 'DGL11', 'DGL16', 31, 5),
(357, 'DGL11', 'DGL17', 34, 6),
(358, 'DGL11', 'DGL18', 44, 7),
(359, 'DGL11', 'DGL19', 44, 8),
(360, 'DGL11', 'DGL20', 44, 9),
(361, 'DGL11', 'DGL21', 44, 10),
(362, 'DGL11', 'DGL22', 44, 11),
(363, 'DGL11', 'LGL1', 28, 4),
(364, 'DGL11', 'LGL3', 28, 4),
(365, 'DGL11', 'LGL4', 31, 5),
(366, 'DGL11', 'LGL5', 34, 6),
(367, 'DGL11', 'LGL6', 42, 7),
(368, 'DGL11', 'LGL7', 42, 8),
(369, 'DGL11', 'LGL8', 42, 9),
(370, 'DGL11', 'LGL9', 42, 10),
(371, 'DGL11', 'LGL10', 52, 11),
(372, 'DGL11', 'LGL11', 52, 12),
(373, 'DGL11', 'LGL12', 52, 13),
(374, 'DGL11', 'LGL13', 52, 14),
(375, 'DGL12', 'DGL1', 42, 11),
(376, 'DGL12', 'DGL2', 42, 10),
(377, 'DGL12', 'DGL3', 42, 9),
(378, 'DGL12', 'DGL4', 37, 8),
(379, 'DGL12', 'DGL5', 34, 7),
(380, 'DGL12', 'DGL6', 31, 6),
(381, 'DGL12', 'DGL7', 28, 5),
(382, 'DGL12', 'GLT', 25, 4),
(383, 'DGL12', 'DGL9', 22, 3),
(384, 'DGL12', 'DGL10', 15, 2),
(385, 'DGL12', 'DGL11', 14, 1),
(386, 'DGL12', 'DGL12', 15, 0),
(387, 'DGL12', 'DGL13', 22, 1),
(388, 'DGL12', 'DGL14', 25, 2),
(389, 'DGL12', 'DGL15', 28, 3),
(390, 'DGL12', 'DGL16', 31, 4),
(391, 'DGL12', 'DGL17', 34, 5),
(392, 'DGL12', 'DGL18', 44, 6),
(393, 'DGL12', 'DGL19', 44, 7),
(394, 'DGL12', 'DGL20', 44, 8),
(395, 'DGL12', 'DGL21', 44, 9),
(396, 'DGL12', 'DGL22', 44, 10),
(397, 'DGL12', 'LGL1', 31, 5),
(398, 'DGL12', 'LGL3', 31, 5),
(399, 'DGL12', 'LGL4', 34, 6),
(400, 'DGL12', 'LGL5', 37, 7),
(401, 'DGL12', 'LGL6', 42, 8),
(402, 'DGL12', 'LGL7', 42, 9),
(403, 'DGL12', 'LGL8', 42, 10),
(404, 'DGL12', 'LGL9', 42, 11),
(405, 'DGL12', 'LGL10', 52, 12),
(406, 'DGL12', 'LGL11', 52, 13),
(407, 'DGL12', 'LGL12', 52, 14),
(408, 'DGL12', 'LGL13', 52, 15),
(409, 'DGL13', 'DGL1', 42, 12),
(410, 'DGL13', 'DGL2', 42, 11),
(411, 'DGL13', 'DGL3', 42, 10),
(412, 'DGL13', 'DGL4', 42, 9),
(413, 'DGL13', 'DGL5', 37, 8),
(414, 'DGL13', 'DGL6', 34, 7),
(415, 'DGL13', 'DGL7', 31, 6),
(416, 'DGL13', 'GLT', 28, 5),
(417, 'DGL13', 'DGL9', 25, 4),
(418, 'DGL13', 'DGL10', 22, 3),
(419, 'DGL13', 'DGL11', 15, 2),
(420, 'DGL13', 'DGL12', 14, 1),
(421, 'DGL13', 'DGL13', 15, 0),
(422, 'DGL13', 'DGL14', 22, 1),
(423, 'DGL13', 'DGL15', 25, 2),
(424, 'DGL13', 'DGL16', 28, 3),
(425, 'DGL13', 'DGL17', 31, 4),
(426, 'DGL13', 'DGL18', 41, 5),
(427, 'DGL13', 'DGL19', 41, 6),
(428, 'DGL13', 'DGL20', 41, 7),
(429, 'DGL13', 'DGL21', 41, 8),
(430, 'DGL13', 'DGL22', 41, 9),
(431, 'DGL13', 'LGL1', 34, 6),
(432, 'DGL13', 'LGL3', 34, 6),
(433, 'DGL13', 'LGL4', 37, 7),
(434, 'DGL13', 'LGL5', 42, 8),
(435, 'DGL13', 'LGL6', 42, 9),
(436, 'DGL13', 'LGL7', 42, 10),
(437, 'DGL13', 'LGL8', 42, 11),
(438, 'DGL13', 'LGL9', 42, 12),
(439, 'DGL13', 'LGL10', 52, 13),
(440, 'DGL13', 'LGL11', 52, 14),
(441, 'DGL13', 'LGL12', 52, 15),
(442, 'DGL13', 'LGL13', 52, 16),
(443, 'DGL14', 'DGL1', 42, 13),
(444, 'DGL14', 'DGL2', 42, 12),
(445, 'DGL14', 'DGL3', 42, 11),
(446, 'DGL14', 'DGL4', 42, 10),
(447, 'DGL14', 'DGL5', 42, 9),
(448, 'DGL14', 'DGL6', 37, 8),
(449, 'DGL14', 'DGL7', 34, 7),
(450, 'DGL14', 'GLT', 31, 6),
(451, 'DGL14', 'DGL9', 28, 5),
(452, 'DGL14', 'DGL10', 25, 4),
(453, 'DGL14', 'DGL11', 22, 3),
(454, 'DGL14', 'DGL12', 15, 2),
(455, 'DGL14', 'DGL13', 14, 1),
(456, 'DGL14', 'DGL14', 15, 0),
(457, 'DGL14', 'DGL15', 22, 1),
(458, 'DGL14', 'DGL16', 25, 2),
(459, 'DGL14', 'DGL17', 28, 3),
(460, 'DGL14', 'DGL18', 38, 4),
(461, 'DGL14', 'DGL19', 38, 5),
(462, 'DGL14', 'DGL20', 38, 6),
(463, 'DGL14', 'DGL21', 38, 7),
(464, 'DGL14', 'DGL22', 38, 8),
(465, 'DGL14', 'LGL1', 37, 7),
(466, 'DGL14', 'LGL3', 37, 7),
(467, 'DGL14', 'LGL4', 42, 8),
(468, 'DGL14', 'LGL5', 42, 9),
(469, 'DGL14', 'LGL6', 42, 10),
(470, 'DGL14', 'LGL7', 42, 11),
(471, 'DGL14', 'LGL8', 42, 12),
(472, 'DGL14', 'LGL9', 42, 13),
(473, 'DGL14', 'LGL10', 52, 14),
(474, 'DGL14', 'LGL11', 52, 15),
(475, 'DGL14', 'LGL12', 52, 16),
(476, 'DGL14', 'LGL13', 52, 17),
(477, 'DGL15', 'DGL1', 42, 14),
(478, 'DGL15', 'DGL2', 42, 13),
(479, 'DGL15', 'DGL3', 42, 12),
(480, 'DGL15', 'DGL4', 42, 11),
(481, 'DGL15', 'DGL5', 42, 10),
(482, 'DGL15', 'DGL6', 42, 9),
(483, 'DGL15', 'DGL7', 37, 8),
(484, 'DGL15', 'GLT', 34, 7),
(485, 'DGL15', 'DGL9', 31, 6),
(486, 'DGL15', 'DGL10', 28, 5),
(487, 'DGL15', 'DGL11', 25, 4),
(488, 'DGL15', 'DGL12', 22, 3),
(489, 'DGL15', 'DGL13', 15, 2),
(490, 'DGL15', 'DGL14', 14, 1),
(491, 'DGL15', 'DGL15', 15, 0),
(492, 'DGL15', 'DGL16', 22, 1),
(493, 'DGL15', 'DGL17', 35, 2),
(494, 'DGL15', 'DGL18', 35, 3),
(495, 'DGL15', 'DGL19', 35, 4),
(496, 'DGL15', 'DGL20', 35, 5),
(497, 'DGL15', 'DGL21', 35, 6),
(498, 'DGL15', 'DGL22', 35, 7),
(499, 'DGL15', 'LGL1', 42, 8),
(500, 'DGL15', 'LGL3', 42, 8),
(501, 'DGL15', 'LGL4', 42, 9),
(502, 'DGL15', 'LGL5', 42, 10),
(503, 'DGL15', 'LGL6', 42, 11),
(504, 'DGL15', 'LGL7', 42, 12),
(505, 'DGL15', 'LGL8', 42, 13),
(506, 'DGL15', 'LGL9', 42, 14),
(507, 'DGL15', 'LGL10', 42, 15),
(508, 'DGL15', 'LGL11', 52, 16),
(509, 'DGL15', 'LGL12', 52, 17),
(510, 'DGL15', 'LGL13', 52, 18),
(511, 'DGL16', 'DGL1', 42, 15),
(512, 'DGL16', 'DGL2', 42, 14),
(513, 'DGL16', 'DGL3', 42, 13),
(514, 'DGL16', 'DGL4', 42, 12),
(515, 'DGL16', 'DGL5', 42, 11),
(516, 'DGL16', 'DGL6', 42, 10),
(517, 'DGL16', 'DGL7', 42, 9),
(518, 'DGL16', 'GLT', 37, 8),
(519, 'DGL16', 'DGL9', 34, 7),
(520, 'DGL16', 'DGL10', 31, 6),
(521, 'DGL16', 'DGL11', 28, 5),
(522, 'DGL16', 'DGL12', 25, 4),
(523, 'DGL16', 'DGL13', 22, 3),
(524, 'DGL16', 'DGL14', 15, 2),
(525, 'DGL16', 'DGL15', 14, 1),
(526, 'DGL16', 'DGL16', 15, 0),
(527, 'DGL16', 'DGL17', 22, 1),
(528, 'DGL16', 'DGL18', 32, 2),
(529, 'DGL16', 'DGL19', 32, 3),
(530, 'DGL16', 'DGL20', 32, 4),
(531, 'DGL16', 'DGL21', 32, 5),
(532, 'DGL16', 'DGL22', 32, 6),
(533, 'DGL16', 'LGL1', 42, 9),
(534, 'DGL16', 'LGL3', 42, 9),
(535, 'DGL16', 'LGL4', 42, 10),
(536, 'DGL16', 'LGL5', 42, 11),
(537, 'DGL16', 'LGL6', 42, 12),
(538, 'DGL16', 'LGL7', 42, 13),
(539, 'DGL16', 'LGL8', 42, 14),
(540, 'DGL16', 'LGL9', 42, 15),
(541, 'DGL16', 'LGL10', 52, 16),
(542, 'DGL16', 'LGL11', 52, 17),
(543, 'DGL16', 'LGL12', 52, 18),
(544, 'DGL16', 'LGL13', 52, 19),
(545, 'DGL17', 'DGL1', 42, 16),
(546, 'DGL17', 'DGL2', 42, 15),
(547, 'DGL17', 'DGL3', 42, 14),
(548, 'DGL17', 'DGL4', 42, 13),
(549, 'DGL17', 'DGL5', 42, 12),
(550, 'DGL17', 'DGL6', 42, 11),
(551, 'DGL17', 'DGL7', 42, 10),
(552, 'DGL17', 'GLT', 42, 9),
(553, 'DGL17', 'DGL9', 37, 8),
(554, 'DGL17', 'DGL10', 34, 7),
(555, 'DGL17', 'DGL11', 31, 6),
(556, 'DGL17', 'DGL12', 28, 5),
(557, 'DGL17', 'DGL13', 25, 4),
(558, 'DGL17', 'DGL14', 22, 3),
(559, 'DGL17', 'DGL15', 15, 2),
(560, 'DGL17', 'DGL16', 14, 1),
(561, 'DGL17', 'DGL17', 22, 0),
(562, 'DGL17', 'DGL18', 32, 1),
(563, 'DGL17', 'DGL19', 32, 2),
(564, 'DGL17', 'DGL20', 32, 3),
(565, 'DGL17', 'DGL21', 32, 4),
(566, 'DGL17', 'DGL22', 32, 5),
(567, 'DGL17', 'LGL1', 42, 10),
(568, 'DGL17', 'LGL3', 42, 10),
(569, 'DGL17', 'LGL4', 42, 11),
(570, 'DGL17', 'LGL5', 42, 12),
(571, 'DGL17', 'LGL6', 42, 13),
(572, 'DGL17', 'LGL7', 42, 14),
(573, 'DGL17', 'LGL8', 42, 15),
(574, 'DGL17', 'LGL9', 42, 16),
(575, 'DGL17', 'LGL10', 52, 17),
(576, 'DGL17', 'LGL11', 52, 18),
(577, 'DGL17', 'LGL12', 52, 19),
(578, 'DGL17', 'LGL13', 52, 20),
(579, 'DGL18', 'DGL1', 42, 17),
(580, 'DGL18', 'DGL2', 42, 16),
(581, 'DGL18', 'DGL3', 42, 15),
(582, 'DGL18', 'DGL4', 42, 14),
(583, 'DGL18', 'DGL5', 42, 13),
(584, 'DGL18', 'DGL6', 42, 12),
(585, 'DGL18', 'DGL7', 42, 11),
(586, 'DGL18', 'GLT', 42, 10),
(587, 'DGL18', 'DGL9', 42, 9),
(588, 'DGL18', 'DGL10', 37, 8),
(589, 'DGL18', 'DGL11', 34, 7),
(590, 'DGL18', 'DGL12', 31, 6),
(591, 'DGL18', 'DGL13', 28, 5),
(592, 'DGL18', 'DGL14', 25, 4),
(593, 'DGL18', 'DGL15', 22, 3),
(594, 'DGL18', 'DGL16', 15, 2),
(595, 'DGL18', 'DGL17', 14, 1),
(596, 'DGL18', 'DGL18', 10, 0),
(597, 'DGL18', 'DGL19', 10, 1),
(598, 'DGL18', 'DGL20', 10, 2),
(599, 'DGL18', 'DGL21', 10, 3),
(600, 'DGL18', 'DGL22', 10, 4),
(601, 'DGL18', 'LGL1', 52, 11),
(602, 'DGL18', 'LGL3', 52, 11),
(603, 'DGL18', 'LGL4', 52, 12),
(604, 'DGL18', 'LGL5', 52, 13),
(605, 'DGL18', 'LGL6', 52, 14),
(606, 'DGL18', 'LGL7', 52, 15),
(607, 'DGL18', 'LGL8', 52, 16),
(608, 'DGL18', 'LGL9', 52, 17),
(609, 'DGL18', 'LGL10', 52, 18),
(610, 'DGL18', 'LGL11', 52, 19),
(611, 'DGL18', 'LGL12', 52, 20),
(612, 'DGL18', 'LGL13', 52, 21),
(613, 'DGL19', 'DGL1', 42, 18),
(614, 'DGL19', 'DGL2', 52, 17),
(615, 'DGL19', 'DGL3', 52, 16),
(616, 'DGL19', 'DGL4', 52, 15),
(617, 'DGL19', 'DGL5', 52, 14),
(618, 'DGL19', 'DGL6', 52, 13),
(619, 'DGL19', 'DGL7', 52, 12),
(620, 'DGL19', 'GLT', 52, 11),
(621, 'DGL19', 'DGL9', 52, 10),
(622, 'DGL19', 'DGL10', 47, 9),
(623, 'DGL19', 'DGL11', 44, 8),
(624, 'DGL19', 'DGL12', 31, 7),
(625, 'DGL19', 'DGL13', 28, 6),
(626, 'DGL19', 'DGL14', 25, 5),
(627, 'DGL19', 'DGL15', 22, 4),
(628, 'DGL19', 'DGL16', 15, 3),
(629, 'DGL19', 'DGL17', 10, 2),
(630, 'DGL19', 'DGL18', 14, 1),
(631, 'DGL19', 'DGL19', 10, 0),
(632, 'DGL19', 'DGL20', 10, 1),
(633, 'DGL19', 'DGL21', 10, 2),
(634, 'DGL19', 'DGL22', 10, 3),
(635, 'DGL19', 'LGL1', 52, 12),
(636, 'DGL19', 'LGL3', 52, 12),
(637, 'DGL19', 'LGL4', 52, 13),
(638, 'DGL19', 'LGL5', 52, 14),
(639, 'DGL19', 'LGL6', 52, 15),
(640, 'DGL19', 'LGL7', 52, 16),
(641, 'DGL19', 'LGL8', 52, 17),
(642, 'DGL19', 'LGL9', 52, 18),
(643, 'DGL19', 'LGL10', 52, 19),
(644, 'DGL19', 'LGL11', 52, 20),
(645, 'DGL19', 'LGL12', 52, 21),
(646, 'DGL19', 'LGL13', 52, 22),
(647, 'DGL20', 'DGL1', 42, 19),
(648, 'DGL20', 'DGL2', 52, 18),
(649, 'DGL20', 'DGL3', 52, 17),
(650, 'DGL20', 'DGL4', 52, 16),
(651, 'DGL20', 'DGL5', 52, 15),
(652, 'DGL20', 'DGL6', 52, 14),
(653, 'DGL20', 'DGL7', 52, 13),
(654, 'DGL20', 'GLT', 52, 12),
(655, 'DGL20', 'DGL9', 52, 11),
(656, 'DGL20', 'DGL10', 47, 10),
(657, 'DGL20', 'DGL11', 44, 9),
(658, 'DGL20', 'DGL12', 41, 8),
(659, 'DGL20', 'DGL13', 38, 7),
(660, 'DGL20', 'DGL14', 35, 6),
(661, 'DGL20', 'DGL15', 32, 5),
(662, 'DGL20', 'DGL16', 25, 4),
(663, 'DGL20', 'DGL17', 10, 3),
(664, 'DGL20', 'DGL18', 10, 2),
(665, 'DGL20', 'DGL19', 14, 1),
(666, 'DGL20', 'DGL20', 10, 0),
(667, 'DGL20', 'DGL21', 10, 1),
(668, 'DGL20', 'DGL22', 10, 2),
(669, 'DGL20', 'LGL1', 52, 13),
(670, 'DGL20', 'LGL3', 52, 13),
(671, 'DGL20', 'LGL4', 52, 14),
(672, 'DGL20', 'LGL5', 52, 15),
(673, 'DGL20', 'LGL6', 52, 16),
(674, 'DGL20', 'LGL7', 52, 17),
(675, 'DGL20', 'LGL8', 52, 18),
(676, 'DGL20', 'LGL9', 52, 19),
(677, 'DGL20', 'LGL10', 52, 20),
(678, 'DGL20', 'LGL11', 52, 21),
(679, 'DGL20', 'LGL12', 52, 22),
(680, 'DGL20', 'LGL13', 52, 23),
(681, 'DGL21', 'DGL1', 42, 20),
(682, 'DGL21', 'DGL2', 52, 19),
(683, 'DGL21', 'DGL3', 52, 18),
(684, 'DGL21', 'DGL4', 52, 17),
(685, 'DGL21', 'DGL5', 52, 16),
(686, 'DGL21', 'DGL6', 52, 15),
(687, 'DGL21', 'DGL7', 52, 14),
(688, 'DGL21', 'GLT', 52, 13),
(689, 'DGL21', 'DGL9', 52, 12),
(690, 'DGL21', 'DGL10', 47, 11),
(691, 'DGL21', 'DGL11', 44, 10),
(692, 'DGL21', 'DGL12', 41, 9),
(693, 'DGL21', 'DGL13', 38, 8),
(694, 'DGL21', 'DGL14', 35, 7),
(695, 'DGL21', 'DGL15', 32, 6),
(696, 'DGL21', 'DGL16', 25, 5),
(697, 'DGL21', 'DGL17', 10, 4),
(698, 'DGL21', 'DGL18', 10, 3),
(699, 'DGL21', 'DGL19', 10, 2),
(700, 'DGL21', 'DGL20', 14, 1),
(701, 'DGL21', 'DGL21', 10, 0),
(702, 'DGL21', 'DGL22', 10, 1),
(703, 'DGL21', 'LGL1', 52, 14),
(704, 'DGL21', 'LGL3', 52, 14),
(705, 'DGL21', 'LGL4', 52, 15),
(706, 'DGL21', 'LGL5', 52, 16),
(707, 'DGL21', 'LGL6', 52, 17),
(708, 'DGL21', 'LGL7', 52, 18),
(709, 'DGL21', 'LGL8', 52, 19),
(710, 'DGL21', 'LGL9', 52, 20),
(711, 'DGL21', 'LGL10', 52, 21),
(712, 'DGL21', 'LGL11', 52, 22),
(713, 'DGL21', 'LGL12', 52, 23),
(714, 'DGL21', 'LGL13', 52, 24),
(715, 'DGL22', 'DGL1', 42, 21),
(716, 'DGL22', 'DGL2', 52, 20),
(717, 'DGL22', 'DGL3', 52, 19),
(718, 'DGL22', 'DGL4', 52, 18),
(719, 'DGL22', 'DGL5', 52, 17),
(720, 'DGL22', 'DGL6', 52, 16),
(721, 'DGL22', 'DGL7', 52, 15),
(722, 'DGL22', 'GLT', 52, 14),
(723, 'DGL22', 'DGL9', 52, 13),
(724, 'DGL22', 'DGL10', 47, 12),
(725, 'DGL22', 'DGL11', 44, 11),
(726, 'DGL22', 'DGL12', 41, 10),
(727, 'DGL22', 'DGL13', 38, 9),
(728, 'DGL22', 'DGL14', 35, 8),
(729, 'DGL22', 'DGL15', 32, 7),
(730, 'DGL22', 'DGL16', 25, 6),
(731, 'DGL22', 'DGL17', 10, 5),
(732, 'DGL22', 'DGL18', 10, 4),
(733, 'DGL22', 'DGL19', 10, 3),
(734, 'DGL22', 'DGL20', 10, 2),
(735, 'DGL22', 'DGL21', 14, 1),
(736, 'DGL22', 'DGL22', 10, 0),
(737, 'DGL22', 'LGL1', 52, 15),
(738, 'DGL22', 'LGL3', 52, 15),
(739, 'DGL22', 'LGL4', 52, 16),
(740, 'DGL22', 'LGL5', 52, 17),
(741, 'DGL22', 'LGL6', 52, 18),
(742, 'DGL22', 'LGL7', 52, 19),
(743, 'DGL22', 'LGL8', 52, 20),
(744, 'DGL22', 'LGL9', 52, 21),
(745, 'DGL22', 'LGL10', 52, 22),
(746, 'DGL22', 'LGL11', 52, 23),
(747, 'DGL22', 'LGL12', 52, 24),
(748, 'DGL22', 'LGL13', 52, 25),
(749, 'LGL1', 'DGL1', 42, 8),
(750, 'LGL1', 'DGL2', 42, 7),
(751, 'LGL1', 'DGL3', 34, 6),
(752, 'LGL1', 'DGL4', 34, 5),
(753, 'LGL1', 'DGL5', 28, 4),
(754, 'LGL1', 'DGL6', 25, 3),
(755, 'LGL1', 'DGL7', 22, 2),
(756, 'LGL1', 'GLT', 15, 1),
(757, 'LGL1', 'DGL9', 22, 2),
(758, 'LGL1', 'DGL10', 25, 3),
(759, 'LGL1', 'DGL11', 28, 4),
(760, 'LGL1', 'DGL12', 31, 5),
(761, 'LGL1', 'DGL13', 34, 6),
(762, 'LGL1', 'DGL14', 37, 7),
(763, 'LGL1', 'DGL15', 42, 8),
(764, 'LGL1', 'DGL16', 42, 9),
(765, 'LGL1', 'DGL17', 42, 10),
(766, 'LGL1', 'DGL18', 52, 11),
(767, 'LGL1', 'DGL19', 52, 12),
(768, 'LGL1', 'DGL20', 52, 13),
(769, 'LGL1', 'DGL21', 52, 14),
(770, 'LGL1', 'DGL22', 52, 15),
(771, 'LGL1', 'LGL1', 14, 0),
(772, 'LGL1', 'LGL3', 22, 1),
(773, 'LGL1', 'LGL4', 25, 3),
(774, 'LGL1', 'LGL5', 28, 4),
(775, 'LGL1', 'LGL6', 34, 5),
(776, 'LGL1', 'LGL7', 37, 6),
(777, 'LGL1', 'LGL8', 42, 7),
(778, 'LGL1', 'LGL9', 42, 8),
(779, 'LGL1', 'LGL10', 52, 9),
(780, 'LGL1', 'LGL11', 52, 10),
(781, 'LGL1', 'LGL12', 52, 11),
(782, 'LGL1', 'LGL13', 52, 12),
(783, 'LGL3', 'DGL1', 42, 8),
(784, 'LGL3', 'DGL2', 42, 7),
(785, 'LGL3', 'DGL3', 34, 6),
(786, 'LGL3', 'DGL4', 34, 5),
(787, 'LGL3', 'DGL5', 28, 4),
(788, 'LGL3', 'DGL6', 25, 3),
(789, 'LGL3', 'DGL7', 22, 2),
(790, 'LGL3', 'GLT', 15, 1),
(791, 'LGL3', 'DGL9', 22, 2),
(792, 'LGL3', 'DGL10', 28, 3),
(793, 'LGL3', 'DGL11', 31, 4),
(794, 'LGL3', 'DGL12', 31, 5),
(795, 'LGL3', 'DGL13', 37, 6),
(796, 'LGL3', 'DGL14', 42, 7),
(797, 'LGL3', 'DGL15', 42, 8),
(798, 'LGL3', 'DGL16', 42, 9),
(799, 'LGL3', 'DGL17', 42, 10),
(800, 'LGL3', 'DGL18', 52, 11),
(801, 'LGL3', 'DGL19', 52, 12),
(802, 'LGL3', 'DGL20', 52, 13),
(803, 'LGL3', 'DGL21', 52, 14),
(804, 'LGL3', 'DGL22', 52, 15),
(805, 'LGL3', 'LGL1', 22, 2),
(806, 'LGL3', 'LGL3', 14, 0),
(807, 'LGL3', 'LGL4', 15, 1),
(808, 'LGL3', 'LGL5', 22, 3),
(809, 'LGL3', 'LGL6', 25, 4),
(810, 'LGL3', 'LGL7', 31, 5),
(811, 'LGL3', 'LGL8', 34, 6),
(812, 'LGL3', 'LGL9', 37, 7),
(813, 'LGL3', 'LGL10', 47, 8),
(814, 'LGL3', 'LGL11', 47, 9),
(815, 'LGL3', 'LGL12', 47, 10),
(816, 'LGL3', 'LGL13', 47, 11),
(817, 'LGL4', 'DGL1', 42, 9),
(818, 'LGL4', 'DGL2', 42, 8),
(819, 'LGL4', 'DGL3', 37, 7),
(820, 'LGL4', 'DGL4', 37, 6),
(821, 'LGL4', 'DGL5', 31, 5),
(822, 'LGL4', 'DGL6', 28, 4),
(823, 'LGL4', 'DGL7', 25, 3),
(824, 'LGL4', 'GLT', 22, 2),
(825, 'LGL4', 'DGL9', 25, 3),
(826, 'LGL4', 'DGL10', 28, 4),
(827, 'LGL4', 'DGL11', 31, 5),
(828, 'LGL4', 'DGL12', 34, 6),
(829, 'LGL4', 'DGL13', 37, 7),
(830, 'LGL4', 'DGL14', 42, 8),
(831, 'LGL4', 'DGL15', 42, 9),
(832, 'LGL4', 'DGL16', 42, 10),
(833, 'LGL4', 'DGL17', 42, 11),
(834, 'LGL4', 'DGL18', 52, 12),
(835, 'LGL4', 'DGL19', 52, 13),
(836, 'LGL4', 'DGL20', 52, 14),
(837, 'LGL4', 'DGL21', 52, 15),
(838, 'LGL4', 'DGL22', 52, 16),
(839, 'LGL4', 'LGL1', 25, 3),
(840, 'LGL4', 'LGL3', 15, 1),
(841, 'LGL4', 'LGL4', 14, 0),
(842, 'LGL4', 'LGL5', 22, 1),
(843, 'LGL4', 'LGL6', 25, 2),
(844, 'LGL4', 'LGL7', 28, 3),
(845, 'LGL4', 'LGL8', 31, 4),
(846, 'LGL4', 'LGL9', 34, 5),
(847, 'LGL4', 'LGL10', 44, 6),
(848, 'LGL4', 'LGL11', 44, 7),
(849, 'LGL4', 'LGL12', 44, 8),
(850, 'LGL4', 'LGL13', 44, 9),
(851, 'LGL5', 'DGL1', 42, 10),
(852, 'LGL5', 'DGL2', 42, 9),
(853, 'LGL5', 'DGL3', 42, 8),
(854, 'LGL5', 'DGL4', 42, 7),
(855, 'LGL5', 'DGL5', 34, 6),
(856, 'LGL5', 'DGL6', 31, 5),
(857, 'LGL5', 'DGL7', 28, 4),
(858, 'LGL5', 'GLT', 25, 3),
(859, 'LGL5', 'DGL9', 28, 4),
(860, 'LGL5', 'DGL10', 31, 5),
(861, 'LGL5', 'DGL11', 34, 6),
(862, 'LGL5', 'DGL12', 37, 7),
(863, 'LGL5', 'DGL13', 42, 8),
(864, 'LGL5', 'DGL14', 42, 9),
(865, 'LGL5', 'DGL15', 42, 10),
(866, 'LGL5', 'DGL16', 42, 11),
(867, 'LGL5', 'DGL17', 42, 12),
(868, 'LGL5', 'DGL18', 52, 13),
(869, 'LGL5', 'DGL19', 52, 14),
(870, 'LGL5', 'DGL20', 52, 15),
(871, 'LGL5', 'DGL21', 52, 16),
(872, 'LGL5', 'DGL22', 52, 17),
(873, 'LGL5', 'LGL1', 28, 4),
(874, 'LGL5', 'LGL3', 22, 2),
(875, 'LGL5', 'LGL4', 15, 1),
(876, 'LGL5', 'LGL5', 14, 0),
(877, 'LGL5', 'LGL6', 22, 1),
(878, 'LGL5', 'LGL7', 25, 2),
(879, 'LGL5', 'LGL8', 28, 3),
(880, 'LGL5', 'LGL9', 31, 4),
(881, 'LGL5', 'LGL10', 41, 5),
(882, 'LGL5', 'LGL11', 41, 6),
(883, 'LGL5', 'LGL12', 41, 7),
(884, 'LGL5', 'LGL13', 41, 8),
(885, 'LGL6', 'DGL1', 42, 11),
(886, 'LGL6', 'DGL2', 42, 10),
(887, 'LGL6', 'DGL3', 42, 9),
(888, 'LGL6', 'DGL4', 42, 8),
(889, 'LGL6', 'DGL5', 42, 7),
(890, 'LGL6', 'DGL6', 37, 6),
(891, 'LGL6', 'DGL7', 34, 5),
(892, 'LGL6', 'GLT', 31, 4),
(893, 'LGL6', 'DGL9', 34, 5),
(894, 'LGL6', 'DGL10', 37, 6),
(895, 'LGL6', 'DGL11', 42, 7),
(896, 'LGL6', 'DGL12', 42, 8),
(897, 'LGL6', 'DGL13', 42, 9),
(898, 'LGL6', 'DGL14', 42, 10),
(899, 'LGL6', 'DGL15', 42, 11),
(900, 'LGL6', 'DGL16', 42, 12),
(901, 'LGL6', 'DGL17', 42, 13),
(902, 'LGL6', 'DGL18', 52, 14),
(903, 'LGL6', 'DGL19', 52, 15),
(904, 'LGL6', 'DGL20', 52, 16),
(905, 'LGL6', 'DGL21', 52, 17),
(906, 'LGL6', 'DGL22', 52, 18),
(907, 'LGL6', 'LGL1', 34, 5),
(908, 'LGL6', 'LGL3', 28, 3),
(909, 'LGL6', 'LGL4', 25, 2),
(910, 'LGL6', 'LGL5', 22, 1),
(911, 'LGL6', 'LGL6', 14, 0),
(912, 'LGL6', 'LGL7', 15, 1),
(913, 'LGL6', 'LGL8', 22, 2),
(914, 'LGL6', 'LGL9', 25, 3),
(915, 'LGL6', 'LGL10', 35, 4),
(916, 'LGL6', 'LGL11', 35, 5),
(917, 'LGL6', 'LGL12', 35, 6),
(918, 'LGL6', 'LGL13', 35, 7),
(919, 'LGL7', 'DGL1', 42, 12),
(920, 'LGL7', 'DGL2', 42, 11),
(921, 'LGL7', 'DGL3', 42, 10),
(922, 'LGL7', 'DGL4', 42, 9),
(923, 'LGL7', 'DGL5', 42, 8),
(924, 'LGL7', 'DGL6', 42, 7),
(925, 'LGL7', 'DGL7', 42, 6),
(926, 'LGL7', 'GLT', 34, 5),
(927, 'LGL7', 'DGL9', 37, 6),
(928, 'LGL7', 'DGL10', 37, 7),
(929, 'LGL7', 'DGL11', 42, 8),
(930, 'LGL7', 'DGL12', 42, 9),
(931, 'LGL7', 'DGL13', 42, 10),
(932, 'LGL7', 'DGL14', 42, 11),
(933, 'LGL7', 'DGL15', 42, 12),
(934, 'LGL7', 'DGL16', 42, 13),
(935, 'LGL7', 'DGL17', 42, 14),
(936, 'LGL7', 'DGL18', 52, 15),
(937, 'LGL7', 'DGL19', 52, 16),
(938, 'LGL7', 'DGL20', 52, 17),
(939, 'LGL7', 'DGL21', 52, 18),
(940, 'LGL7', 'DGL22', 52, 19),
(941, 'LGL7', 'LGL1', 37, 6),
(942, 'LGL7', 'LGL3', 31, 4),
(943, 'LGL7', 'LGL4', 28, 3),
(944, 'LGL7', 'LGL5', 25, 2),
(945, 'LGL7', 'LGL6', 15, 1),
(946, 'LGL7', 'LGL7', 14, 0),
(947, 'LGL7', 'LGL8', 15, 1),
(948, 'LGL7', 'LGL9', 15, 2),
(949, 'LGL7', 'LGL10', 25, 3),
(950, 'LGL7', 'LGL11', 25, 4),
(951, 'LGL7', 'LGL12', 25, 5),
(952, 'LGL7', 'LGL13', 25, 6),
(953, 'LGL8', 'DGL1', 42, 13),
(954, 'LGL8', 'DGL2', 42, 12),
(955, 'LGL8', 'DGL3', 42, 11),
(956, 'LGL8', 'DGL4', 42, 10),
(957, 'LGL8', 'DGL5', 42, 9),
(958, 'LGL8', 'DGL6', 42, 8),
(959, 'LGL8', 'DGL7', 42, 7),
(960, 'LGL8', 'GLT', 42, 6),
(961, 'LGL8', 'DGL9', 42, 7),
(962, 'LGL8', 'DGL10', 42, 8),
(963, 'LGL8', 'DGL11', 42, 9),
(964, 'LGL8', 'DGL12', 42, 10),
(965, 'LGL8', 'DGL13', 42, 11),
(966, 'LGL8', 'DGL14', 42, 12),
(967, 'LGL8', 'DGL15', 42, 13),
(968, 'LGL8', 'DGL16', 42, 14),
(969, 'LGL8', 'DGL17', 42, 15),
(970, 'LGL8', 'DGL18', 52, 16),
(971, 'LGL8', 'DGL19', 52, 17),
(972, 'LGL8', 'DGL20', 52, 18),
(973, 'LGL8', 'DGL21', 52, 19),
(974, 'LGL8', 'DGL22', 52, 20),
(975, 'LGL8', 'LGL1', 42, 7),
(976, 'LGL8', 'LGL3', 34, 5),
(977, 'LGL8', 'LGL4', 31, 4),
(978, 'LGL8', 'LGL5', 28, 3),
(979, 'LGL8', 'LGL6', 22, 2),
(980, 'LGL8', 'LGL7', 15, 1),
(981, 'LGL8', 'LGL8', 14, 0),
(982, 'LGL8', 'LGL9', 15, 1),
(983, 'LGL8', 'LGL10', 25, 2),
(984, 'LGL8', 'LGL11', 25, 3),
(985, 'LGL8', 'LGL12', 25, 4),
(986, 'LGL8', 'LGL13', 25, 5),
(987, 'LGL9', 'DGL1', 42, 14),
(988, 'LGL9', 'DGL2', 42, 13),
(989, 'LGL9', 'DGL3', 42, 12),
(990, 'LGL9', 'DGL4', 42, 11),
(991, 'LGL9', 'DGL5', 42, 10),
(992, 'LGL9', 'DGL6', 42, 9),
(993, 'LGL9', 'DGL7', 42, 8),
(994, 'LGL9', 'GLT', 42, 7),
(995, 'LGL9', 'DGL9', 42, 8),
(996, 'LGL9', 'DGL10', 42, 9),
(997, 'LGL9', 'DGL11', 42, 10),
(998, 'LGL9', 'DGL12', 42, 11),
(999, 'LGL9', 'DGL13', 42, 12),
(1000, 'LGL9', 'DGL14', 42, 13),
(1001, 'LGL9', 'DGL15', 42, 14),
(1002, 'LGL9', 'DGL16', 42, 15),
(1003, 'LGL9', 'DGL17', 42, 16),
(1004, 'LGL9', 'DGL18', 52, 17),
(1005, 'LGL9', 'DGL19', 52, 18),
(1006, 'LGL9', 'DGL20', 52, 19),
(1007, 'LGL9', 'DGL21', 52, 20),
(1008, 'LGL9', 'DGL22', 52, 21),
(1009, 'LGL9', 'LGL1', 42, 8),
(1010, 'LGL9', 'LGL3', 37, 6),
(1011, 'LGL9', 'LGL4', 34, 5),
(1012, 'LGL9', 'LGL5', 31, 4),
(1013, 'LGL9', 'LGL6', 25, 3),
(1014, 'LGL9', 'LGL7', 15, 2),
(1015, 'LGL9', 'LGL8', 15, 1),
(1016, 'LGL9', 'LGL9', 14, 0),
(1017, 'LGL9', 'LGL10', 10, 1),
(1018, 'LGL9', 'LGL11', 10, 2),
(1019, 'LGL9', 'LGL12', 10, 3),
(1020, 'LGL9', 'LGL13', 10, 4),
(1021, 'LGL10', 'DGL1', 52, 15),
(1022, 'LGL10', 'DGL2', 52, 14),
(1023, 'LGL10', 'DGL3', 52, 13),
(1024, 'LGL10', 'DGL4', 52, 12),
(1025, 'LGL10', 'DGL5', 52, 11),
(1026, 'LGL10', 'DGL6', 52, 10),
(1027, 'LGL10', 'DGL7', 52, 9),
(1028, 'LGL10', 'GLT', 52, 8),
(1029, 'LGL10', 'DGL9', 52, 9),
(1030, 'LGL10', 'DGL10', 52, 10),
(1031, 'LGL10', 'DGL11', 52, 11),
(1032, 'LGL10', 'DGL12', 52, 12),
(1033, 'LGL10', 'DGL13', 52, 13),
(1034, 'LGL10', 'DGL14', 52, 14),
(1035, 'LGL10', 'DGL15', 52, 15),
(1036, 'LGL10', 'DGL16', 52, 16),
(1037, 'LGL10', 'DGL17', 52, 17),
(1038, 'LGL10', 'DGL18', 52, 18),
(1039, 'LGL10', 'DGL19', 52, 19),
(1040, 'LGL10', 'DGL20', 52, 20),
(1041, 'LGL10', 'DGL21', 52, 21),
(1042, 'LGL10', 'DGL22', 52, 22),
(1043, 'LGL10', 'LGL1', 52, 9),
(1044, 'LGL10', 'LGL3', 47, 7),
(1045, 'LGL10', 'LGL4', 44, 6),
(1046, 'LGL10', 'LGL5', 41, 5),
(1047, 'LGL10', 'LGL6', 35, 4),
(1048, 'LGL10', 'LGL7', 25, 3),
(1049, 'LGL10', 'LGL8', 25, 2),
(1050, 'LGL10', 'LGL9', 10, 1),
(1051, 'LGL10', 'LGL10', 14, 0),
(1052, 'LGL10', 'LGL11', 10, 1),
(1053, 'LGL10', 'LGL12', 10, 2),
(1054, 'LGL10', 'LGL13', 10, 3),
(1055, 'LGL11', 'DGL1', 52, 16),
(1056, 'LGL11', 'DGL2', 52, 15),
(1057, 'LGL11', 'DGL3', 52, 14),
(1058, 'LGL11', 'DGL4', 52, 13),
(1059, 'LGL11', 'DGL5', 52, 12),
(1060, 'LGL11', 'DGL6', 52, 11),
(1061, 'LGL11', 'DGL7', 52, 10),
(1062, 'LGL11', 'GLT', 52, 9),
(1063, 'LGL11', 'DGL9', 52, 10),
(1064, 'LGL11', 'DGL10', 52, 11),
(1065, 'LGL11', 'DGL11', 52, 12),
(1066, 'LGL11', 'DGL12', 52, 13),
(1067, 'LGL11', 'DGL13', 52, 14),
(1068, 'LGL11', 'DGL14', 52, 15),
(1069, 'LGL11', 'DGL15', 52, 16),
(1070, 'LGL11', 'DGL16', 52, 17),
(1071, 'LGL11', 'DGL17', 52, 18),
(1072, 'LGL11', 'DGL18', 52, 19),
(1073, 'LGL11', 'DGL19', 52, 20),
(1074, 'LGL11', 'DGL20', 52, 21),
(1075, 'LGL11', 'DGL21', 52, 22),
(1076, 'LGL11', 'DGL22', 52, 23),
(1077, 'LGL11', 'LGL1', 52, 10),
(1078, 'LGL11', 'LGL3', 47, 8),
(1079, 'LGL11', 'LGL4', 44, 7),
(1080, 'LGL11', 'LGL5', 41, 6),
(1081, 'LGL11', 'LGL6', 35, 5),
(1082, 'LGL11', 'LGL7', 25, 4),
(1083, 'LGL11', 'LGL8', 25, 3),
(1084, 'LGL11', 'LGL9', 10, 2),
(1085, 'LGL11', 'LGL10', 10, 1),
(1086, 'LGL11', 'LGL11', 14, 0),
(1087, 'LGL11', 'LGL12', 10, 1),
(1088, 'LGL11', 'LGL13', 10, 2),
(1089, 'LGL12', 'DGL1', 52, 17),
(1090, 'LGL12', 'DGL2', 52, 16),
(1091, 'LGL12', 'DGL3', 52, 15),
(1092, 'LGL12', 'DGL4', 52, 14),
(1093, 'LGL12', 'DGL5', 52, 13),
(1094, 'LGL12', 'DGL6', 52, 12),
(1095, 'LGL12', 'DGL7', 52, 11),
(1096, 'LGL12', 'GLT', 52, 10),
(1097, 'LGL12', 'DGL9', 52, 11),
(1098, 'LGL12', 'DGL10', 52, 12),
(1099, 'LGL12', 'DGL11', 52, 13),
(1100, 'LGL12', 'DGL12', 52, 14),
(1101, 'LGL12', 'DGL13', 52, 15),
(1102, 'LGL12', 'DGL14', 52, 16),
(1103, 'LGL12', 'DGL15', 52, 17),
(1104, 'LGL12', 'DGL16', 52, 18),
(1105, 'LGL12', 'DGL17', 52, 19),
(1106, 'LGL12', 'DGL18', 52, 20),
(1107, 'LGL12', 'DGL19', 52, 21),
(1108, 'LGL12', 'DGL20', 52, 22),
(1109, 'LGL12', 'DGL21', 52, 23),
(1110, 'LGL12', 'DGL22', 52, 24),
(1111, 'LGL12', 'LGL1', 52, 11),
(1112, 'LGL12', 'LGL3', 47, 9),
(1113, 'LGL12', 'LGL4', 44, 8),
(1114, 'LGL12', 'LGL5', 41, 7),
(1115, 'LGL12', 'LGL6', 35, 6),
(1116, 'LGL12', 'LGL7', 25, 5),
(1117, 'LGL12', 'LGL8', 25, 4),
(1118, 'LGL12', 'LGL9', 10, 3),
(1119, 'LGL12', 'LGL10', 10, 2),
(1120, 'LGL12', 'LGL11', 10, 1),
(1121, 'LGL12', 'LGL12', 14, 0),
(1122, 'LGL12', 'LGL13', 10, 1),
(1123, 'LGL13', 'DGL1', 52, 18),
(1124, 'LGL13', 'DGL2', 52, 17),
(1125, 'LGL13', 'DGL3', 52, 16),
(1126, 'LGL13', 'DGL4', 52, 15),
(1127, 'LGL13', 'DGL5', 52, 14),
(1128, 'LGL13', 'DGL6', 52, 13),
(1129, 'LGL13', 'DGL7', 52, 12),
(1130, 'LGL13', 'GLT', 52, 11),
(1131, 'LGL13', 'DGL9', 52, 12),
(1132, 'LGL13', 'DGL10', 52, 13),
(1133, 'LGL13', 'DGL11', 52, 14),
(1134, 'LGL13', 'DGL12', 52, 15),
(1135, 'LGL13', 'DGL13', 52, 16),
(1136, 'LGL13', 'DGL14', 52, 17),
(1137, 'LGL13', 'DGL15', 52, 18),
(1138, 'LGL13', 'DGL16', 52, 19),
(1139, 'LGL13', 'DGL17', 52, 20),
(1140, 'LGL13', 'DGL18', 52, 21),
(1141, 'LGL13', 'DGL19', 52, 22),
(1142, 'LGL13', 'DGL20', 52, 23),
(1143, 'LGL13', 'DGL21', 52, 24),
(1144, 'LGL13', 'DGL22', 52, 25),
(1145, 'LGL13', 'LGL1', 52, 12),
(1146, 'LGL13', 'LGL3', 47, 10),
(1147, 'LGL13', 'LGL4', 44, 9),
(1148, 'LGL13', 'LGL5', 41, 8),
(1149, 'LGL13', 'LGL6', 35, 7),
(1150, 'LGL13', 'LGL7', 25, 6),
(1151, 'LGL13', 'LGL8', 25, 5),
(1152, 'LGL13', 'LGL9', 10, 4),
(1153, 'LGL13', 'LGL10', 10, 3),
(1154, 'LGL13', 'LGL11', 10, 2),
(1155, 'LGL13', 'LGL12', 10, 1),
(1156, 'LGL13', 'LGL13', 14, 0),
(1157, 'RL1', 'RL1', 14, 0),
(1158, 'RL1', 'RL2', 15, 4),
(1159, 'RL1', 'RL3', 20, 8),
(1160, 'RL1', 'RL4', 25, 12),
(1161, 'RL1', 'RL5', 30, 17),
(1162, 'RL1', 'RL6', 35, 22),
(1163, 'RL1', 'RL7', 40, 27),
(1164, 'RL1', 'RL8', 45, 32),
(1165, 'RL2', 'RL1', 15, 4),
(1166, 'RL2', 'RL2', 14, 0),
(1167, 'RL2', 'RL3', 15, 4),
(1168, 'RL2', 'RL4', 20, 8),
(1169, 'RL2', 'RL5', 25, 13),
(1170, 'RL2', 'RL6', 30, 18),
(1171, 'RL2', 'RL7', 35, 23),
(1172, 'RL2', 'RL8', 40, 28),
(1173, 'RL3', 'RL1', 20, 8),
(1174, 'RL3', 'RL2', 15, 4),
(1175, 'RL3', 'RL3', 14, 0),
(1176, 'RL3', 'RL4', 15, 4),
(1177, 'RL3', 'RL5', 20, 9),
(1178, 'RL3', 'RL6', 25, 14),
(1179, 'RL3', 'RL7', 30, 19),
(1180, 'RL3', 'RL8', 35, 24),
(1181, 'RL4', 'RL1', 25, 12),
(1182, 'RL4', 'RL2', 20, 8),
(1183, 'RL4', 'RL3', 15, 4),
(1184, 'RL4', 'RL4', 14, 0),
(1185, 'RL4', 'RL5', 15, 5),
(1186, 'RL4', 'RL6', 20, 10),
(1187, 'RL4', 'RL7', 25, 15),
(1188, 'RL4', 'RL8', 30, 20),
(1189, 'RL5', 'RL1', 30, 17),
(1190, 'RL5', 'RL2', 25, 13),
(1191, 'RL5', 'RL3', 20, 9),
(1192, 'RL5', 'RL4', 15, 5),
(1193, 'RL5', 'RL5', 14, 0),
(1194, 'RL5', 'RL6', 15, 5),
(1195, 'RL5', 'RL7', 20, 10),
(1196, 'RL5', 'RL8', 25, 15),
(1197, 'RL6', 'RL1', 35, 22),
(1198, 'RL6', 'RL2', 30, 18),
(1199, 'RL6', 'RL3', 25, 14),
(1200, 'RL6', 'RL4', 20, 10),
(1201, 'RL6', 'RL5', 15, 5),
(1202, 'RL6', 'RL6', 14, 0),
(1203, 'RL6', 'RL7', 15, 5),
(1204, 'RL6', 'RL8', 20, 10),
(1205, 'RL7', 'RL1', 40, 27),
(1206, 'RL7', 'RL2', 35, 23),
(1207, 'RL7', 'RL3', 30, 19),
(1208, 'RL7', 'RL4', 25, 15),
(1209, 'RL7', 'RL5', 20, 10),
(1210, 'RL7', 'RL6', 15, 5),
(1211, 'RL7', 'RL7', 14, 0),
(1212, 'RL7', 'RL8', 15, 5),
(1213, 'RL8', 'RL1', 45, 32),
(1214, 'RL8', 'RL2', 40, 28),
(1215, 'RL8', 'RL3', 35, 24),
(1216, 'RL8', 'RL4', 30, 20),
(1217, 'RL8', 'RL5', 25, 15),
(1218, 'RL8', 'RL6', 20, 10),
(1219, 'RL8', 'RL7', 15, 5),
(1220, 'RL8', 'RL8', 14, 0),
(1221, 'BL4', 'BL18', 36, 14),
(1222, 'BL4', 'BL17', 36, 13),
(1223, 'BL4', 'BL16', 36, 12),
(1224, 'BL4', 'BL15', 34, 11),
(1225, 'BL4', 'BL14', 32, 10),
(1226, 'BL4', 'BL13', 30, 9),
(1227, 'BL4', 'BL12', 28, 8),
(1228, 'BL4', 'BL11', 26, 7),
(1229, 'BL4', 'BL10', 24, 6),
(1230, 'BL4', 'BL9', 22, 5),
(1231, 'BL4', 'BL8', 20, 4),
(1232, 'BL4', 'BL7', 18, 3),
(1233, 'BL4', 'BL6', 16, 2),
(1234, 'BL4', 'BL5', 14, 1),
(1235, 'BL4', 'BL4', 14, 0),
(1236, 'BL4', 'BL3', 14, 1),
(1237, 'BL4', 'BL2', 16, 2),
(1238, 'BL4', 'BL1', 18, 3),
(1239, 'BL5', 'BL18', 36, 13),
(1240, 'BL5', 'BL17', 36, 12),
(1241, 'BL5', 'BL16', 34, 11),
(1242, 'BL5', 'BL15', 32, 10),
(1243, 'BL5', 'BL14', 30, 9),
(1244, 'BL5', 'BL13', 28, 8),
(1245, 'BL5', 'BL12', 26, 7),
(1246, 'BL5', 'BL11', 24, 6),
(1247, 'BL5', 'BL10', 22, 5),
(1248, 'BL5', 'BL9', 20, 4),
(1249, 'BL5', 'BL8', 18, 3),
(1250, 'BL5', 'BL7', 16, 2),
(1251, 'BL5', 'BL6', 14, 1),
(1252, 'BL5', 'BL5', 14, 0),
(1253, 'BL5', 'BL4', 14, 1),
(1254, 'BL5', 'BL3', 16, 2),
(1255, 'BL5', 'BL2', 18, 3),
(1256, 'BL5', 'BL1', 20, 4),
(1257, 'BL6', 'BL18', 36, 12),
(1258, 'BL6', 'BL17', 34, 11),
(1259, 'BL6', 'BL16', 32, 10),
(1260, 'BL6', 'BL15', 30, 9),
(1261, 'BL6', 'BL14', 28, 8),
(1262, 'BL6', 'BL13', 26, 7),
(1263, 'BL6', 'BL12', 24, 6),
(1264, 'BL6', 'BL11', 22, 5),
(1265, 'BL6', 'BL10', 20, 4),
(1266, 'BL6', 'BL9', 18, 3),
(1267, 'BL6', 'BL8', 16, 2),
(1268, 'BL6', 'BL7', 14, 1),
(1269, 'BL6', 'BL6', 14, 0),
(1270, 'BL6', 'BL5', 14, 1),
(1271, 'BL6', 'BL4', 16, 2),
(1272, 'BL6', 'BL3', 18, 3),
(1273, 'BL6', 'BL2', 20, 4),
(1274, 'BL6', 'BL1', 22, 5),
(1275, 'BL7', 'BL18', 34, 11),
(1276, 'BL7', 'BL17', 32, 10),
(1277, 'BL7', 'BL16', 30, 9),
(1278, 'BL7', 'BL15', 28, 8),
(1279, 'BL7', 'BL14', 26, 7),
(1280, 'BL7', 'BL13', 24, 6),
(1281, 'BL7', 'BL12', 22, 5),
(1282, 'BL7', 'BL11', 20, 4),
(1283, 'BL7', 'BL10', 18, 3),
(1284, 'BL7', 'BL9', 16, 2),
(1285, 'BL7', 'BL8', 14, 1),
(1286, 'BL7', 'BL7', 14, 0),
(1287, 'BL7', 'BL6', 14, 1),
(1288, 'BL7', 'BL5', 16, 2),
(1289, 'BL7', 'BL4', 18, 3),
(1290, 'BL7', 'BL3', 20, 4),
(1291, 'BL7', 'BL2', 22, 5),
(1292, 'BL7', 'BL1', 24, 6),
(1293, 'BL8', 'BL18', 32, 10),
(1294, 'BL8', 'BL17', 30, 9),
(1295, 'BL8', 'BL16', 28, 8),
(1296, 'BL8', 'BL15', 26, 7),
(1297, 'BL8', 'BL14', 24, 6),
(1298, 'BL8', 'BL13', 22, 5),
(1299, 'BL8', 'BL12', 20, 4),
(1300, 'BL8', 'BL11', 18, 3),
(1301, 'BL8', 'BL10', 16, 2),
(1302, 'BL8', 'BL9', 14, 1),
(1303, 'BL8', 'BL8', 14, 0),
(1304, 'BL8', 'BL7', 14, 1),
(1305, 'BL8', 'BL6', 16, 2),
(1306, 'BL8', 'BL5', 18, 3),
(1307, 'BL8', 'BL4', 20, 4),
(1308, 'BL8', 'BL3', 22, 5),
(1309, 'BL8', 'BL2', 24, 6),
(1310, 'BL8', 'BL1', 26, 7),
(1311, 'BL9', 'BL18', 30, 9),
(1312, 'BL9', 'BL17', 28, 8),
(1313, 'BL9', 'BL16', 26, 7),
(1314, 'BL9', 'BL15', 24, 6),
(1315, 'BL9', 'BL14', 22, 5),
(1316, 'BL9', 'BL13', 20, 4),
(1317, 'BL9', 'BL12', 18, 3),
(1318, 'BL9', 'BL11', 16, 2),
(1319, 'BL9', 'BL10', 14, 1),
(1320, 'BL9', 'BL9', 14, 0),
(1321, 'BL9', 'BL8', 14, 1),
(1322, 'BL9', 'BL7', 16, 2),
(1323, 'BL9', 'BL6', 18, 3),
(1324, 'BL9', 'BL5', 20, 4),
(1325, 'BL9', 'BL4', 22, 5),
(1326, 'BL9', 'BL3', 24, 6),
(1327, 'BL9', 'BL2', 26, 7),
(1328, 'BL9', 'BL1', 28, 8),
(1329, 'BL10', 'BL18', 28, 8),
(1330, 'BL10', 'BL17', 26, 7),
(1331, 'BL10', 'BL16', 24, 6),
(1332, 'BL10', 'BL15', 22, 5),
(1333, 'BL10', 'BL14', 20, 4),
(1334, 'BL10', 'BL13', 18, 3),
(1335, 'BL10', 'BL12', 16, 2),
(1336, 'BL10', 'BL11', 14, 1),
(1337, 'BL10', 'BL10', 14, 0),
(1338, 'BL10', 'BL9', 14, 1),
(1339, 'BL10', 'BL8', 16, 2),
(1340, 'BL10', 'BL7', 18, 3),
(1341, 'BL10', 'BL6', 20, 4),
(1342, 'BL10', 'BL5', 22, 5),
(1343, 'BL10', 'BL4', 24, 6),
(1344, 'BL10', 'BL3', 26, 7),
(1345, 'BL10', 'BL2', 28, 8),
(1346, 'BL10', 'BL1', 30, 9),
(1347, 'BL11', 'BL18', 26, 7),
(1348, 'BL11', 'BL17', 24, 6),
(1349, 'BL11', 'BL16', 22, 5),
(1350, 'BL11', 'BL15', 20, 4),
(1351, 'BL11', 'BL14', 18, 3),
(1352, 'BL11', 'BL13', 16, 2),
(1353, 'BL11', 'BL12', 14, 1),
(1354, 'BL11', 'BL11', 14, 0),
(1355, 'BL11', 'BL10', 14, 1),
(1356, 'BL11', 'BL9', 16, 2),
(1357, 'BL11', 'BL8', 18, 3),
(1358, 'BL11', 'BL7', 20, 4),
(1359, 'BL11', 'BL6', 22, 5),
(1360, 'BL11', 'BL5', 24, 6),
(1361, 'BL11', 'BL4', 26, 7),
(1362, 'BL11', 'BL3', 28, 8),
(1363, 'BL11', 'BL2', 30, 9),
(1364, 'BL11', 'BL1', 32, 10),
(1365, 'BL12', 'BL18', 24, 6),
(1366, 'BL12', 'BL17', 22, 5),
(1367, 'BL12', 'BL16', 20, 4),
(1368, 'BL12', 'BL15', 18, 3),
(1369, 'BL12', 'BL14', 16, 2),
(1370, 'BL12', 'BL13', 14, 1),
(1371, 'BL12', 'BL12', 14, 0),
(1372, 'BL12', 'BL11', 14, 1),
(1373, 'BL12', 'BL10', 16, 2),
(1374, 'BL12', 'BL9', 18, 3),
(1375, 'BL12', 'BL8', 20, 4),
(1376, 'BL12', 'BL7', 22, 5),
(1377, 'BL12', 'BL6', 24, 6),
(1378, 'BL12', 'BL5', 26, 7),
(1379, 'BL12', 'BL4', 28, 8),
(1380, 'BL12', 'BL3', 30, 9),
(1381, 'BL12', 'BL2', 32, 10),
(1382, 'BL12', 'BL1', 34, 11),
(1383, 'BL13', 'BL18', 22, 5),
(1384, 'BL13', 'BL17', 20, 4),
(1385, 'BL13', 'BL16', 18, 3),
(1386, 'BL13', 'BL15', 16, 2),
(1387, 'BL13', 'BL14', 14, 1),
(1388, 'BL13', 'BL13', 14, 0),
(1389, 'BL13', 'BL12', 14, 1),
(1390, 'BL13', 'BL11', 16, 2),
(1391, 'BL13', 'BL10', 18, 3),
(1392, 'BL13', 'BL9', 20, 4),
(1393, 'BL13', 'BL8', 22, 5),
(1394, 'BL13', 'BL7', 24, 6),
(1395, 'BL13', 'BL6', 26, 7),
(1396, 'BL13', 'BL5', 28, 8),
(1397, 'BL13', 'BL4', 30, 9),
(1398, 'BL13', 'BL3', 32, 10),
(1399, 'BL13', 'BL2', 34, 11),
(1400, 'BL13', 'BL1', 36, 12),
(1401, 'BL14', 'BL18', 20, 4),
(1402, 'BL14', 'BL17', 18, 3),
(1403, 'BL14', 'BL16', 16, 2),
(1404, 'BL14', 'BL15', 14, 1),
(1405, 'BL14', 'BL14', 14, 0),
(1406, 'BL14', 'BL13', 14, 1),
(1407, 'BL14', 'BL12', 16, 2),
(1408, 'BL14', 'BL11', 18, 3),
(1409, 'BL14', 'BL10', 20, 4),
(1410, 'BL14', 'BL9', 22, 5),
(1411, 'BL14', 'BL8', 24, 6),
(1412, 'BL14', 'BL7', 26, 7),
(1413, 'BL14', 'BL6', 28, 8),
(1414, 'BL14', 'BL5', 30, 9),
(1415, 'BL14', 'BL4', 32, 10),
(1416, 'BL14', 'BL3', 34, 11),
(1417, 'BL14', 'BL2', 36, 12),
(1418, 'BL14', 'BL1', 36, 13),
(1419, 'BL15', 'BL18', 18, 3),
(1420, 'BL15', 'BL17', 16, 2),
(1421, 'BL15', 'BL16', 14, 1),
(1422, 'BL15', 'BL15', 14, 0),
(1423, 'BL15', 'BL14', 14, 1),
(1424, 'BL15', 'BL13', 16, 2),
(1425, 'BL15', 'BL12', 18, 3),
(1426, 'BL15', 'BL11', 20, 4),
(1427, 'BL15', 'BL10', 22, 5),
(1428, 'BL15', 'BL9', 24, 6),
(1429, 'BL15', 'BL8', 26, 7),
(1430, 'BL15', 'BL7', 28, 8),
(1431, 'BL15', 'BL6', 30, 9),
(1432, 'BL15', 'BL5', 32, 10),
(1433, 'BL15', 'BL4', 34, 11),
(1434, 'BL15', 'BL3', 36, 12),
(1435, 'BL15', 'BL2', 36, 13),
(1436, 'BL15', 'BL1', 36, 14),
(1437, 'BL16', 'BL18', 16, 2),
(1438, 'BL16', 'BL17', 14, 1),
(1439, 'BL16', 'BL16', 14, 0),
(1440, 'BL16', 'BL15', 14, 1),
(1441, 'BL16', 'BL14', 16, 2),
(1442, 'BL16', 'BL13', 18, 3),
(1443, 'BL16', 'BL12', 20, 4),
(1444, 'BL16', 'BL11', 22, 5),
(1445, 'BL16', 'BL10', 24, 6),
(1446, 'BL16', 'BL9', 26, 7),
(1447, 'BL16', 'BL8', 28, 8),
(1448, 'BL16', 'BL7', 30, 9),
(1449, 'BL16', 'BL6', 32, 10),
(1450, 'BL16', 'BL5', 34, 11),
(1451, 'BL16', 'BL4', 36, 12),
(1452, 'BL16', 'BL3', 36, 13),
(1453, 'BL16', 'BL2', 36, 14),
(1454, 'BL16', 'BL1', 36, 15),
(1455, 'BL17', 'BL18', 14, 1),
(1456, 'BL17', 'BL17', 14, 0),
(1457, 'BL17', 'BL16', 16, 1),
(1458, 'BL17', 'BL15', 14, 2),
(1459, 'BL17', 'BL14', 16, 3),
(1460, 'BL17', 'BL13', 18, 4),
(1461, 'BL17', 'BL12', 20, 5),
(1462, 'BL17', 'BL11', 22, 6),
(1463, 'BL17', 'BL10', 24, 7),
(1464, 'BL17', 'BL9', 26, 8),
(1465, 'BL17', 'BL8', 28, 9),
(1466, 'BL17', 'BL7', 30, 10),
(1467, 'BL17', 'BL6', 32, 11),
(1468, 'BL17', 'BL5', 34, 12),
(1469, 'BL17', 'BL4', 36, 13),
(1470, 'BL17', 'BL3', 36, 14),
(1471, 'BL17', 'BL2', 36, 15),
(1472, 'BL17', 'BL1', 36, 16),
(1473, 'BL18', 'BL18', 14, 0),
(1474, 'BL18', 'BL17', 14, 1),
(1475, 'BL18', 'BL16', 16, 2),
(1476, 'BL18', 'BL15', 18, 3),
(1477, 'BL18', 'BL14', 20, 4),
(1478, 'BL18', 'BL13', 22, 5),
(1479, 'BL18', 'BL12', 24, 6),
(1480, 'BL18', 'BL11', 26, 7),
(1481, 'BL18', 'BL10', 28, 8),
(1482, 'BL18', 'BL9', 30, 9),
(1483, 'BL18', 'BL8', 32, 10),
(1484, 'BL18', 'BL7', 34, 11),
(1485, 'BL18', 'BL6', 36, 12),
(1486, 'BL18', 'BL5', 36, 13),
(1487, 'BL18', 'BL4', 36, 14),
(1488, 'BL18', 'BL3', 36, 15),
(1489, 'BL18', 'BL2', 36, 16),
(1490, 'BL18', 'BL1', 36, 17),
(1491, 'BL1', 'BL18', 36, 17),
(1492, 'BL1', 'BL17', 36, 16),
(1493, 'BL1', 'BL16', 36, 15),
(1494, 'BL1', 'BL15', 36, 14),
(1495, 'BL1', 'BL14', 36, 13),
(1496, 'BL1', 'BL13', 36, 12),
(1497, 'BL1', 'BL12', 34, 11),
(1498, 'BL1', 'BL11', 32, 10),
(1499, 'BL1', 'BL10', 30, 9),
(1500, 'BL1', 'BL9', 28, 8),
(1501, 'BL1', 'BL8', 26, 7),
(1502, 'BL1', 'BL7', 24, 6),
(1503, 'BL1', 'BL6', 22, 5),
(1504, 'BL1', 'BL5', 20, 4),
(1505, 'BL1', 'BL4', 18, 3),
(1506, 'BL1', 'BL3', 16, 2),
(1507, 'BL1', 'BL2', 14, 1),
(1508, 'BL1', 'BL1', 14, 0),
(1509, 'BL2', 'BL18', 36, 16),
(1510, 'BL2', 'BL17', 36, 15),
(1511, 'BL2', 'BL16', 36, 14),
(1512, 'BL2', 'BL15', 36, 13),
(1513, 'BL2', 'BL14', 36, 12),
(1514, 'BL2', 'BL13', 34, 11),
(1515, 'BL2', 'BL12', 32, 10),
(1516, 'BL2', 'BL11', 30, 9),
(1517, 'BL2', 'BL10', 28, 8),
(1518, 'BL2', 'BL9', 26, 7),
(1519, 'BL2', 'BL8', 24, 6),
(1520, 'BL2', 'BL7', 22, 5),
(1521, 'BL2', 'BL6', 20, 4),
(1522, 'BL2', 'BL5', 18, 3),
(1523, 'BL2', 'BL4', 16, 2),
(1524, 'BL2', 'BL3', 14, 1),
(1525, 'BL2', 'BL2', 14, 0),
(1526, 'BL2', 'BL1', 14, 1),
(1527, 'BL3', 'BL18', 36, 15),
(1528, 'BL3', 'BL17', 36, 14),
(1529, 'BL3', 'BL16', 36, 13),
(1530, 'BL3', 'BL15', 36, 12),
(1531, 'BL3', 'BL14', 34, 11),
(1532, 'BL3', 'BL13', 32, 10),
(1533, 'BL3', 'BL12', 30, 9),
(1534, 'BL3', 'BL11', 28, 8),
(1535, 'BL3', 'BL10', 26, 7),
(1536, 'BL3', 'BL9', 24, 6),
(1537, 'BL3', 'BL8', 22, 5),
(1538, 'BL3', 'BL7', 20, 4),
(1539, 'BL3', 'BL6', 18, 3),
(1540, 'BL3', 'BL5', 16, 2),
(1541, 'BL3', 'BL4', 14, 1),
(1542, 'BL3', 'BL3', 14, 0),
(1543, 'BL3', 'BL2', 14, 1),
(1544, 'BL3', 'BL1', 16, 2),
(1545, 'PL1', 'PL1', 14, 0),
(1546, 'PL1', 'PL2', 17, 1),
(1547, 'PL1', 'PL3', 20, 2),
(1548, 'PL1', 'PL4', 23, 3),
(1549, 'PL1', 'PL5', 25, 4),
(1550, 'PL1', 'PL6', 27, 5),
(1551, 'PL1', 'PL7', 30, 6),
(1552, 'PL1', 'PL8', 33, 7),
(1553, 'PL1', 'PL9', 36, 8),
(1554, 'PL1', 'PL10', 38, 9),
(1555, 'PL1', 'PL11', 40, 10),
(1556, 'PL1', 'PL12', 42, 11),
(1557, 'PL1', 'PL13', 42, 12),
(1558, 'PL1', 'PL14', 42, 13),
(1559, 'PL1', 'PL15', 42, 14),
(1560, 'PL1', 'PL16', 42, 15),
(1561, 'PL2', 'PL1', 17, 1),
(1562, 'PL2', 'PL2', 14, 0),
(1563, 'PL2', 'PL3', 17, 1),
(1564, 'PL2', 'PL4', 20, 2),
(1565, 'PL2', 'PL5', 22, 3),
(1566, 'PL2', 'PL6', 24, 4),
(1567, 'PL2', 'PL7', 37, 5),
(1568, 'PL2', 'PL8', 30, 6),
(1569, 'PL2', 'PL9', 33, 7),
(1570, 'PL2', 'PL10', 35, 8),
(1571, 'PL2', 'PL11', 37, 9),
(1572, 'PL2', 'PL12', 40, 10),
(1573, 'PL2', 'PL13', 42, 11),
(1574, 'PL2', 'PL14', 42, 12),
(1575, 'PL2', 'PL15', 42, 13),
(1576, 'PL2', 'PL16', 42, 14),
(1577, 'PL3', 'PL1', 20, 2),
(1578, 'PL3', 'PL2', 17, 1),
(1579, 'PL3', 'PL3', 14, 0),
(1580, 'PL3', 'PL4', 17, 1),
(1581, 'PL3', 'PL5', 19, 2),
(1582, 'PL3', 'PL6', 21, 3),
(1583, 'PL3', 'PL7', 24, 4),
(1584, 'PL3', 'PL8', 27, 5),
(1585, 'PL3', 'PL9', 30, 6),
(1586, 'PL3', 'PL10', 32, 7),
(1587, 'PL3', 'PL11', 34, 8),
(1588, 'PL3', 'PL12', 37, 9),
(1589, 'PL3', 'PL13', 39, 10),
(1590, 'PL3', 'PL14', 42, 11),
(1591, 'PL3', 'PL15', 42, 12),
(1592, 'PL3', 'PL16', 42, 13),
(1593, 'PL4', 'PL1', 23, 3),
(1594, 'PL4', 'PL2', 20, 2),
(1595, 'PL4', 'PL3', 17, 1),
(1596, 'PL4', 'PL4', 14, 0),
(1597, 'PL4', 'PL5', 16, 1),
(1598, 'PL4', 'PL6', 18, 2),
(1599, 'PL4', 'PL7', 21, 3),
(1600, 'PL4', 'PL8', 24, 4),
(1601, 'PL4', 'PL9', 27, 5),
(1602, 'PL4', 'PL10', 29, 6),
(1603, 'PL4', 'PL11', 31, 7),
(1604, 'PL4', 'PL12', 34, 8),
(1605, 'PL4', 'PL13', 36, 9),
(1606, 'PL4', 'PL14', 39, 10),
(1607, 'PL4', 'PL15', 42, 11),
(1608, 'PL4', 'PL16', 42, 12),
(1609, 'PL5', 'PL1', 25, 4),
(1610, 'PL5', 'PL2', 22, 3),
(1611, 'PL5', 'PL3', 19, 2),
(1612, 'PL5', 'PL4', 16, 1),
(1613, 'PL5', 'PL5', 14, 0),
(1614, 'PL5', 'PL6', 17, 1),
(1615, 'PL5', 'PL7', 20, 2),
(1616, 'PL5', 'PL8', 23, 3),
(1617, 'PL5', 'PL9', 25, 4),
(1618, 'PL5', 'PL10', 27, 5),
(1619, 'PL5', 'PL11', 29, 6),
(1620, 'PL5', 'PL12', 32, 7),
(1621, 'PL5', 'PL13', 34, 8),
(1622, 'PL5', 'PL14', 37, 9),
(1623, 'PL5', 'PL15', 40, 10),
(1624, 'PL5', 'PL16', 42, 11),
(1625, 'PL6', 'PL1', 27, 5),
(1626, 'PL6', 'PL2', 24, 4),
(1627, 'PL6', 'PL3', 21, 3),
(1628, 'PL6', 'PL4', 18, 2),
(1629, 'PL6', 'PL5', 16, 1),
(1630, 'PL6', 'PL6', 14, 0),
(1631, 'PL6', 'PL7', 17, 1),
(1632, 'PL6', 'PL8', 20, 2),
(1633, 'PL6', 'PL9', 23, 3),
(1634, 'PL6', 'PL10', 25, 4),
(1635, 'PL6', 'PL11', 27, 5),
(1636, 'PL6', 'PL12', 30, 6),
(1637, 'PL6', 'PL13', 32, 7),
(1638, 'PL6', 'PL14', 35, 8),
(1639, 'PL6', 'PL15', 38, 9),
(1640, 'PL6', 'PL16', 41, 10),
(1641, 'PL7', 'PL1', 30, 6),
(1642, 'PL7', 'PL2', 27, 5),
(1643, 'PL7', 'PL3', 24, 4),
(1644, 'PL7', 'PL4', 21, 3),
(1645, 'PL7', 'PL5', 19, 2),
(1646, 'PL7', 'PL6', 17, 1),
(1647, 'PL7', 'PL7', 14, 0),
(1648, 'PL7', 'PL8', 17, 1),
(1649, 'PL7', 'PL9', 20, 2),
(1650, 'PL7', 'PL10', 22, 3),
(1651, 'PL7', 'PL11', 24, 4),
(1652, 'PL7', 'PL12', 27, 5),
(1653, 'PL7', 'PL13', 29, 6),
(1654, 'PL7', 'PL14', 32, 7),
(1655, 'PL7', 'PL15', 35, 8),
(1656, 'PL7', 'PL16', 38, 9),
(1657, 'PL8', 'PL1', 33, 7),
(1658, 'PL8', 'PL2', 30, 6),
(1659, 'PL8', 'PL3', 27, 5),
(1660, 'PL8', 'PL4', 24, 4),
(1661, 'PL8', 'PL5', 22, 3),
(1662, 'PL8', 'PL6', 20, 2),
(1663, 'PL8', 'PL7', 17, 1),
(1664, 'PL8', 'PL8', 14, 0),
(1665, 'PL8', 'PL9', 17, 1),
(1666, 'PL8', 'PL10', 19, 2),
(1667, 'PL8', 'PL11', 21, 3),
(1668, 'PL8', 'PL12', 24, 4),
(1669, 'PL8', 'PL13', 26, 5),
(1670, 'PL8', 'PL14', 29, 6),
(1671, 'PL8', 'PL15', 32, 7),
(1672, 'PL8', 'PL16', 35, 8),
(1673, 'PL9', 'PL1', 36, 8),
(1674, 'PL9', 'PL2', 33, 7),
(1675, 'PL9', 'PL3', 30, 6),
(1676, 'PL9', 'PL4', 27, 5),
(1677, 'PL9', 'PL5', 25, 4),
(1678, 'PL9', 'PL6', 23, 3),
(1679, 'PL9', 'PL7', 20, 2),
(1680, 'PL9', 'PL8', 17, 1),
(1681, 'PL9', 'PL9', 14, 0),
(1682, 'PL9', 'PL10', 17, 1),
(1683, 'PL9', 'PL11', 19, 2),
(1684, 'PL9', 'PL12', 21, 3),
(1685, 'PL9', 'PL13', 24, 4),
(1686, 'PL9', 'PL14', 26, 5),
(1687, 'PL9', 'PL15', 29, 6),
(1688, 'PL9', 'PL16', 32, 7),
(1689, 'PL10', 'PL1', 38, 9),
(1690, 'PL10', 'PL2', 35, 8),
(1691, 'PL10', 'PL3', 32, 7),
(1692, 'PL10', 'PL4', 29, 6),
(1693, 'PL10', 'PL5', 27, 5),
(1694, 'PL10', 'PL6', 25, 4),
(1695, 'PL10', 'PL7', 22, 3),
(1696, 'PL10', 'PL8', 19, 2),
(1697, 'PL10', 'PL9', 16, 1),
(1698, 'PL10', 'PL10', 14, 0),
(1699, 'PL10', 'PL11', 16, 1),
(1700, 'PL10', 'PL12', 19, 2),
(1701, 'PL10', 'PL13', 21, 3),
(1702, 'PL10', 'PL14', 24, 4),
(1703, 'PL10', 'PL15', 27, 5),
(1704, 'PL10', 'PL16', 30, 6),
(1705, 'PL11', 'PL1', 40, 10),
(1706, 'PL11', 'PL2', 37, 9),
(1707, 'PL11', 'PL3', 34, 8),
(1708, 'PL11', 'PL4', 31, 7),
(1709, 'PL11', 'PL5', 29, 6),
(1710, 'PL11', 'PL6', 27, 5),
(1711, 'PL11', 'PL7', 24, 4),
(1712, 'PL11', 'PL8', 21, 3),
(1713, 'PL11', 'PL9', 18, 2),
(1714, 'PL11', 'PL10', 16, 1),
(1715, 'PL11', 'PL11', 14, 0),
(1716, 'PL11', 'PL12', 17, 1),
(1717, 'PL11', 'PL13', 19, 2),
(1718, 'PL11', 'PL14', 22, 3),
(1719, 'PL11', 'PL15', 25, 4),
(1720, 'PL11', 'PL16', 28, 5),
(1721, 'PL12', 'PL1', 42, 11),
(1722, 'PL12', 'PL2', 40, 10),
(1723, 'PL12', 'PL3', 37, 9),
(1724, 'PL12', 'PL4', 34, 8);
INSERT INTO `price` (`PriceID`, `OStationID`, `DStationID`, `Price`, `Distance`) VALUES
(1725, 'PL12', 'PL5', 32, 7),
(1726, 'PL12', 'PL6', 30, 6),
(1727, 'PL12', 'PL7', 27, 5),
(1728, 'PL12', 'PL8', 24, 4),
(1729, 'PL12', 'PL9', 21, 3),
(1730, 'PL12', 'PL10', 19, 2),
(1731, 'PL12', 'PL11', 17, 1),
(1732, 'PL12', 'PL12', 14, 0),
(1733, 'PL12', 'PL13', 16, 1),
(1734, 'PL12', 'PL14', 19, 2),
(1735, 'PL12', 'PL15', 22, 3),
(1736, 'PL12', 'PL16', 25, 4),
(1737, 'PL13', 'PL1', 42, 12),
(1738, 'PL13', 'PL2', 42, 11),
(1739, 'PL13', 'PL3', 39, 10),
(1740, 'PL13', 'PL4', 36, 9),
(1741, 'PL13', 'PL5', 34, 8),
(1742, 'PL13', 'PL6', 32, 7),
(1743, 'PL13', 'PL7', 29, 6),
(1744, 'PL13', 'PL8', 26, 5),
(1745, 'PL13', 'PL9', 23, 4),
(1746, 'PL13', 'PL10', 21, 3),
(1747, 'PL13', 'PL11', 19, 2),
(1748, 'PL13', 'PL12', 16, 1),
(1749, 'PL13', 'PL13', 14, 0),
(1750, 'PL13', 'PL14', 17, 1),
(1751, 'PL13', 'PL15', 20, 2),
(1752, 'PL13', 'PL16', 23, 3),
(1753, 'PL14', 'PL1', 42, 13),
(1754, 'PL14', 'PL2', 42, 12),
(1755, 'PL14', 'PL3', 42, 11),
(1756, 'PL14', 'PL4', 39, 10),
(1757, 'PL14', 'PL5', 37, 9),
(1758, 'PL14', 'PL6', 35, 8),
(1759, 'PL14', 'PL7', 32, 7),
(1760, 'PL14', 'PL8', 29, 6),
(1761, 'PL14', 'PL9', 26, 5),
(1762, 'PL14', 'PL10', 24, 4),
(1763, 'PL14', 'PL11', 22, 3),
(1764, 'PL14', 'PL12', 29, 2),
(1765, 'PL14', 'PL13', 17, 1),
(1766, 'PL14', 'PL14', 14, 0),
(1767, 'PL14', 'PL15', 17, 1),
(1768, 'PL14', 'PL16', 20, 2),
(1769, 'PL15', 'PL1', 42, 14),
(1770, 'PL15', 'PL2', 42, 13),
(1771, 'PL15', 'PL3', 42, 12),
(1772, 'PL15', 'PL4', 42, 11),
(1773, 'PL15', 'PL5', 40, 10),
(1774, 'PL15', 'PL6', 38, 9),
(1775, 'PL15', 'PL7', 35, 8),
(1776, 'PL15', 'PL8', 32, 7),
(1777, 'PL15', 'PL9', 29, 6),
(1778, 'PL15', 'PL10', 27, 5),
(1779, 'PL15', 'PL11', 25, 4),
(1780, 'PL15', 'PL12', 22, 3),
(1781, 'PL15', 'PL13', 20, 2),
(1782, 'PL15', 'PL14', 17, 1),
(1783, 'PL15', 'PL15', 14, 0),
(1784, 'PL15', 'PL16', 17, 1),
(1785, 'PL16', 'PL1', 42, 15),
(1786, 'PL16', 'PL2', 42, 14),
(1787, 'PL16', 'PL3', 42, 13),
(1788, 'PL16', 'PL4', 42, 12),
(1789, 'PL16', 'PL5', 42, 11),
(1790, 'PL16', 'PL6', 41, 10),
(1791, 'PL16', 'PL7', 38, 9),
(1792, 'PL16', 'PL8', 35, 8),
(1793, 'PL16', 'PL9', 32, 7),
(1794, 'PL16', 'PL10', 30, 6),
(1795, 'PL16', 'PL11', 28, 5),
(1796, 'PL16', 'PL12', 25, 4),
(1797, 'PL16', 'PL13', 23, 3),
(1798, 'PL16', 'PL14', 20, 2),
(1799, 'PL16', 'PL15', 17, 1),
(1800, 'PL16', 'PL16', 16, 0);

-- --------------------------------------------------------

--
-- Table structure for table `station`
--

CREATE TABLE `station` (
  `StationID` varchar(20) NOT NULL,
  `StationName` varchar(45) NOT NULL,
  `LineID` varchar(20) NOT NULL
) ENGINE=InnoDB DEFAULT CHARSET=utf8;

--
-- Dumping data for table `station`
--

INSERT INTO `station` (`StationID`, `StationName`, `LineID`) VALUES
('BL1', 'Hua Lamphong', 'BL'),
('BL10', 'Thailand Cultural Centre', 'BL'),
('BL11', 'Huai Khwang', 'BL'),
('BL12', 'Sutthisan', 'BL'),
('BL13', 'Ratchadaphisek', 'BL'),
('BL14', 'Lat Phrao', 'BL'),
('BL15', 'Phahon Yothin', 'BL'),
('BL16', 'Chatuchak Park', 'BL'),
('BL17', 'Kamphaeng Phet', 'BL'),
('BL18', 'Bang Sue', 'BL'),
('BL2', 'Sam Yan', 'BL'),
('BL3', 'Si Lom', 'BL'),
('BL4', 'Lumphini', 'BL'),
('BL5', 'Khlong Toei', 'BL'),
('BL6', 'Queen Sirikit National Convention Centre', 'BL'),
('BL7', 'Sukhumvit', 'BL'),
('BL8', 'Phetchaburi', 'BL'),
('BL9', 'Phra Ram 9', 'BL'),
('DGL1', 'Mo Chit', 'GL'),
('DGL10', 'Phloen Chit', 'GL'),
('DGL11', 'Nana', 'GL'),
('DGL12', 'Asok', 'GL'),
('DGL13', 'Phrom Phong', 'GL'),
('DGL14', 'Thong Lo', 'GL'),
('DGL15', 'Ekkamai', 'GL'),
('DGL16', 'Phra Khanong', 'GL'),
('DGL17', 'On Nut', 'GL'),
('DGL18', 'Bang Chak', 'GL'),
('DGL19', 'Punnawithi', 'GL'),
('DGL2', 'Saphan Khwai', 'GL'),
('DGL20', 'Udom Suk', 'GL'),
('DGL21', 'Bang Na', 'GL'),
('DGL22', 'Bearing', 'GL'),
('DGL3', 'Ari', 'GL'),
('DGL4', 'Sanam Pao', 'GL'),
('DGL5', 'Victory Monument', 'GL'),
('DGL6', 'Phaya Thai (BTS)', 'GL'),
('DGL7', 'Ratchathewi', 'GL'),
('DGL9', 'Chit Lom', 'GL'),
('GLT', 'Siam', 'GL'),
('LGL1', 'National Stadium', 'GL'),
('LGL10', 'Pho Nimit', 'GL'),
('LGL11', 'Talat Phlu', 'GL'),
('LGL12', 'Wutthakat', 'GL'),
('LGL13', 'Bang Wa', 'GL'),
('LGL3', 'Ratchadamri', 'GL'),
('LGL4', 'Sala Daeng', 'GL'),
('LGL5', 'Chong Nonsi', 'GL'),
('LGL6', 'Surasak', 'GL'),
('LGL7', 'Saphan KhwaiSaphan Taksin', 'GL'),
('LGL8', 'Krung Thon Buri', 'GL'),
('LGL9', 'Wongwian Yai', 'GL'),
('PL1', 'Khlong Bang Phai', 'PL'),
('PL10', 'Bang Kraso', 'PL'),
('PL11', 'Nonthaburi Civic Center', 'PL'),
('PL12', 'Ministry of Public Health', 'PL'),
('PL13', 'Yaek Tiwanon', 'PL'),
('PL14', 'Wong Sawang', 'PL'),
('PL15', 'Bang Son', 'PL'),
('PL16', 'Tao Poon', 'PL'),
('PL2', 'Talad Bang Yai', 'PL'),
('PL3', 'Sam Yaek Bang Yai', 'PL'),
('PL4', 'Bang Phlu', 'PL'),
('PL5', 'Bang Rak Yai', 'PL'),
('PL6', 'Bang Rak Noi Tha It', 'PL'),
('PL7', 'Sai Ma', 'PL'),
('PL8', 'Phra Nang klao Bridge', 'PL'),
('PL9', 'Yaek Nonthaburi 1', 'PL'),
('RL1', 'Phaya Thai (Airport Rail Link)', 'RL'),
('RL2', 'Ratchaprarop', 'RL'),
('RL3', 'Makkasan', 'RL'),
('RL4', 'Ramkhamhaeng', 'RL'),
('RL5', 'Hua Mak', 'RL'),
('RL6', 'Ban Thap Chang', 'RL'),
('RL7', 'Lat Krabang', 'RL'),
('RL8', 'Suvarnabhumi', 'RL');

-- --------------------------------------------------------

--
-- Table structure for table `subject`
--

CREATE TABLE `subject` (
  `SubjectID` int(11) NOT NULL,
  `SubjectName` varchar(45) DEFAULT NULL
) ENGINE=InnoDB DEFAULT CHARSET=utf8;

-- --------------------------------------------------------

--
-- Table structure for table `title`
--

CREATE TABLE `title` (
  `TitleID` int(11) NOT NULL,
  `Title` varchar(5) DEFAULT NULL
) ENGINE=InnoDB DEFAULT CHARSET=utf8 COMMENT='			';

--
-- Dumping data for table `title`
--

INSERT INTO `title` (`TitleID`, `Title`) VALUES
(1, 'Mr.'),
(2, 'Ms.'),
(3, 'Mrs.');

-- --------------------------------------------------------

--
-- Table structure for table `transit1`
--

CREATE TABLE `transit1` (
  `Transit1ID` int(11) NOT NULL,
  `GLline` varchar(20) NOT NULL,
  `BLline` varchar(20) NOT NULL
) ENGINE=InnoDB DEFAULT CHARSET=utf8;

--
-- Dumping data for table `transit1`
--

INSERT INTO `transit1` (`Transit1ID`, `GLline`, `BLline`) VALUES
(1, 'DGL1', 'BL16'),
(2, 'DGL12', 'BL7'),
(3, 'LGL4', 'BL3');

-- --------------------------------------------------------

--
-- Table structure for table `transit2`
--

CREATE TABLE `transit2` (
  `Transit2ID` int(11) NOT NULL,
  `GLline` varchar(20) NOT NULL,
  `RLline` varchar(20) NOT NULL
) ENGINE=InnoDB DEFAULT CHARSET=utf8;

--
-- Dumping data for table `transit2`
--

INSERT INTO `transit2` (`Transit2ID`, `GLline`, `RLline`) VALUES
(1, 'DGL6', 'RL1');

-- --------------------------------------------------------

--
-- Table structure for table `transit3`
--

CREATE TABLE `transit3` (
  `Transit3ID` int(11) NOT NULL,
  `PLline` varchar(20) NOT NULL,
  `BLline` varchar(20) NOT NULL
) ENGINE=InnoDB DEFAULT CHARSET=utf8;

--
-- Dumping data for table `transit3`
--

INSERT INTO `transit3` (`Transit3ID`, `PLline`, `BLline`) VALUES
(1, 'PL16', 'BL18');

-- --------------------------------------------------------

--
-- Table structure for table `transit4`
--

CREATE TABLE `transit4` (
  `Transit4ID` int(11) NOT NULL,
  `BLline` varchar(20) NOT NULL,
  `RLline` varchar(20) NOT NULL
) ENGINE=InnoDB DEFAULT CHARSET=utf8;

--
-- Dumping data for table `transit4`
--

INSERT INTO `transit4` (`Transit4ID`, `BLline`, `RLline`) VALUES
(1, 'BL8', 'RL3');

--
-- Indexes for dumped tables
--

--
-- Indexes for table `contactus`
--
ALTER TABLE `contactus`
  ADD PRIMARY KEY (`ContactusID`),
  ADD KEY `fk_Contactus_Subject1_idx` (`SubjectID`);

--
-- Indexes for table `line`
--
ALTER TABLE `line`
  ADD PRIMARY KEY (`lineID`);

--
-- Indexes for table `member`
--
ALTER TABLE `member`
  ADD PRIMARY KEY (`MemberID`);

--
-- Indexes for table `membercard`
--
ALTER TABLE `membercard`
  ADD PRIMARY KEY (`MembercardID`);

--
-- Indexes for table `price`
--
ALTER TABLE `price`
  ADD PRIMARY KEY (`PriceID`),
  ADD KEY `fk_Price_Station1_idx` (`OStationID`),
  ADD KEY `fk_Price_Station2_idx` (`DStationID`);

--
-- Indexes for table `station`
--
ALTER TABLE `station`
  ADD PRIMARY KEY (`StationID`),
  ADD KEY `fk_Station_line1_idx` (`LineID`);

--
-- Indexes for table `subject`
--
ALTER TABLE `subject`
  ADD PRIMARY KEY (`SubjectID`);

--
-- Indexes for table `title`
--
ALTER TABLE `title`
  ADD PRIMARY KEY (`TitleID`);

--
-- Indexes for table `transit1`
--
ALTER TABLE `transit1`
  ADD PRIMARY KEY (`Transit1ID`),
  ADD KEY `fk_Transit1_Station1_idx` (`GLline`),
  ADD KEY `fk_Transit1_Station2_idx` (`BLline`);

--
-- Indexes for table `transit2`
--
ALTER TABLE `transit2`
  ADD PRIMARY KEY (`Transit2ID`),
  ADD KEY `fk_Transit2_Station1_idx` (`GLline`),
  ADD KEY `fk_Transit2_Station2_idx` (`RLline`);

--
-- Indexes for table `transit3`
--
ALTER TABLE `transit3`
  ADD PRIMARY KEY (`Transit3ID`),
  ADD KEY `fk_Transit3_Station1_idx` (`PLline`),
  ADD KEY `fk_Transit3_Station2_idx` (`BLline`);

--
-- Indexes for table `transit4`
--
ALTER TABLE `transit4`
  ADD PRIMARY KEY (`Transit4ID`),
  ADD KEY `fk_Transit4_Station1_idx` (`BLline`),
  ADD KEY `fk_Transit4_Station2_idx` (`RLline`);

--
-- AUTO_INCREMENT for dumped tables
--

--
-- AUTO_INCREMENT for table `member`
--
ALTER TABLE `member`
  MODIFY `MemberID` int(11) NOT NULL AUTO_INCREMENT, AUTO_INCREMENT=2;
--
-- AUTO_INCREMENT for table `price`
--
ALTER TABLE `price`
  MODIFY `PriceID` int(11) NOT NULL AUTO_INCREMENT, AUTO_INCREMENT=1801;
--
-- AUTO_INCREMENT for table `title`
--
ALTER TABLE `title`
  MODIFY `TitleID` int(11) NOT NULL AUTO_INCREMENT, AUTO_INCREMENT=4;
--
-- AUTO_INCREMENT for table `transit1`
--
ALTER TABLE `transit1`
  MODIFY `Transit1ID` int(11) NOT NULL AUTO_INCREMENT, AUTO_INCREMENT=4;
--
-- AUTO_INCREMENT for table `transit2`
--
ALTER TABLE `transit2`
  MODIFY `Transit2ID` int(11) NOT NULL AUTO_INCREMENT, AUTO_INCREMENT=2;
--
-- AUTO_INCREMENT for table `transit3`
--
ALTER TABLE `transit3`
  MODIFY `Transit3ID` int(11) NOT NULL AUTO_INCREMENT, AUTO_INCREMENT=2;
--
-- AUTO_INCREMENT for table `transit4`
--
ALTER TABLE `transit4`
  MODIFY `Transit4ID` int(11) NOT NULL AUTO_INCREMENT, AUTO_INCREMENT=2;
--
-- Constraints for dumped tables
--

--
-- Constraints for table `contactus`
--
ALTER TABLE `contactus`
  ADD CONSTRAINT `fk_Contactus_Subject1` FOREIGN KEY (`SubjectID`) REFERENCES `subject` (`SubjectID`) ON DELETE NO ACTION ON UPDATE NO ACTION;

--
-- Constraints for table `price`
--
ALTER TABLE `price`
  ADD CONSTRAINT `fk_Price_Station1` FOREIGN KEY (`OStationID`) REFERENCES `station` (`StationID`) ON DELETE NO ACTION ON UPDATE NO ACTION,
  ADD CONSTRAINT `fk_Price_Station2` FOREIGN KEY (`DStationID`) REFERENCES `station` (`StationID`) ON DELETE NO ACTION ON UPDATE NO ACTION;

--
-- Constraints for table `station`
--
ALTER TABLE `station`
  ADD CONSTRAINT `fk_Station_line1` FOREIGN KEY (`LineID`) REFERENCES `line` (`lineID`) ON DELETE NO ACTION ON UPDATE NO ACTION;

--
-- Constraints for table `transit1`
--
ALTER TABLE `transit1`
  ADD CONSTRAINT `fk_Transit1_Station1` FOREIGN KEY (`GLline`) REFERENCES `station` (`StationID`) ON DELETE NO ACTION ON UPDATE NO ACTION,
  ADD CONSTRAINT `fk_Transit1_Station2` FOREIGN KEY (`BLline`) REFERENCES `station` (`StationID`) ON DELETE NO ACTION ON UPDATE NO ACTION;

--
-- Constraints for table `transit2`
--
ALTER TABLE `transit2`
  ADD CONSTRAINT `fk_Transit2_Station1` FOREIGN KEY (`GLline`) REFERENCES `station` (`StationID`) ON DELETE NO ACTION ON UPDATE NO ACTION,
  ADD CONSTRAINT `fk_Transit2_Station2` FOREIGN KEY (`RLline`) REFERENCES `station` (`StationID`) ON DELETE NO ACTION ON UPDATE NO ACTION;

--
-- Constraints for table `transit3`
--
ALTER TABLE `transit3`
  ADD CONSTRAINT `fk_Transit3_Station1` FOREIGN KEY (`PLline`) REFERENCES `station` (`StationID`) ON DELETE NO ACTION ON UPDATE NO ACTION,
  ADD CONSTRAINT `fk_Transit3_Station2` FOREIGN KEY (`BLline`) REFERENCES `station` (`StationID`) ON DELETE NO ACTION ON UPDATE NO ACTION;

--
-- Constraints for table `transit4`
--
ALTER TABLE `transit4`
  ADD CONSTRAINT `fk_Transit4_Station1` FOREIGN KEY (`BLline`) REFERENCES `station` (`StationID`) ON DELETE NO ACTION ON UPDATE NO ACTION,
  ADD CONSTRAINT `fk_Transit4_Station2` FOREIGN KEY (`RLline`) REFERENCES `station` (`StationID`) ON DELETE NO ACTION ON UPDATE NO ACTION;

/*!40101 SET CHARACTER_SET_CLIENT=@OLD_CHARACTER_SET_CLIENT */;
/*!40101 SET CHARACTER_SET_RESULTS=@OLD_CHARACTER_SET_RESULTS */;
/*!40101 SET COLLATION_CONNECTION=@OLD_COLLATION_CONNECTION */;
